0.4972174219935936,4.402192328209724,6.3506662928776345,-3.6856647721638423,2.72839925271936,1.3109011483790454,4.8031687099698495,9.88263217684449,2.1888658549933586,-0.9523820644636667
1.1426970690547722,5.390784620160759,4.742646186421696,-3.0463450776847,4.19508891250265,5.358293560668056,6.91497253804969,7.717861661338322,-2.7426421014821702,0.3113309059578526
3.28590014782695,6.232470938315168,2.5557288453243925,-2.401436332526009,3.762975877414026,9.738466223210487,6.871342398466731,-0.12857208503279605,-3.9107480279992464,1.8318115372954198
5.059134141432651,6.449189145254886,-0.5995213041646872,-1.4915458351661286,2.4865078824642337,11.622380189677761,0.6195064769995864,-4.460298684380922,-1.9487835238692361,0.6795318905750138
5.8126878417295,5.528062510255456,-3.1325543482048888,0.3164869772726495,2.4314530214002694,11.123883314885525,-4.064259124318486,-0.3192617755479005,-1.3738496634029298,0.2540262127087172
6.438498093061946,3.4595471772401356,-4.073126101149483,1.613794247343737,4.626515671284757,9.305714985349727,-3.620247348515957,4.877746313210034,0.8441070142454619,0.9529649946658907
6.662463176566675,0.6363373413608584,-3.723554668764434,0.9754476722949997,6.811300069855388,7.040163567134467,-2.097704392335591,6.925868104367766,4.2020777958208795,1.8852417676584348
5.6992825355736905,-1.5083173631940028,-2.0748170217906017,-0.3430307321667436,7.36953854259968,6.129200549266737,-0.9542911709700456,7.34364958395879,7.210626329427295,2.1101529861108217
4.556326017652679,-1.709849399201337,-0.0023600134197903078,-0.217764878570177,7.317478298208079,6.5225688640413155,0.1485211070611019,7.533606674657212,8.919163503636137,0.9704082712392493
4.999450188507101,-0.2635330925404714,1.389971355297757,1.3813646367253494,7.855830523143804,6.9875921657331945,1.2100985359845384,7.902446247547874,8.533590158094611,-0.7754519893915799
6.2390692938047545,2.3323045384745664,1.9229482846767394,3.4320775933564125,9.233888881437837,6.558599092809037,1.771570120482394,8.198012190380643,6.502571237786677,-1.5149776698449853
6.8207190664550135,5.180624954459193,1.911609856025864,5.209829089079177,10.803444680274154,4.325771542698894,1.6171999704247415,8.329314757763287,4.343978297358865,-1.2748230167787196
6.858735351052296,7.58630158253497,2.1302637496063466,6.530023176152912,10.910855297444106,0.35060525085680516,1.8204352205510153,8.667421571484036,2.7538761387152357,-0.7343019670789617
6.90152834029312,9.731402365925007,2.9310636830270687,7.081009584830764,8.14431430256054,-3.0587233858044183,2.5983042703904426,9.553549626578265,1.1297594120573164,-0.11158477845202536
7.512912152918602,11.704609793863783,3.064334646631075,5.893960217960632,3.8984772312431937,-4.252539247859386,1.7349716877492407,10.554620395804411,0.007167528020717573,0.7357958868809775
9.018571341070816,12.004579744533782,0.07280324604930649,4.689193129934148,1.5666494051160513,-3.949256181665676,-0.7362331057465198,10.707877826261141,1.6139686232911532,1.506691853866384
10.254774025762963,8.380078355063754,-3.222599599284952,6.692441464343952,1.4397295535855226,-3.578866596667858,-2.823440769400393,9.249864528690292,5.966686878072377,2.268233505592737
8.851141555217772,1.982483481426352,-3.2561693743286475,8.15112733129771,2.0215728754023394,-4.167891247441366,-3.6299948147359973,5.322844688520561,11.08028035285397,5.153756572019757
-0.21651952589806633,-1.6450781334081421,-2.416929989748259,7.7524622863002195,1.3754599343714267,-4.744809426333565,-2.709189914063425,0.3363760498719297,13.563493827086292,8.179522618640167
-7.27160082309187,2.836917117093374,-0.4645722537664736,7.791570780121924,0.2871442081992548,-4.155368282624754,-0.687108143790392,-1.6113566877746797,12.548218473772735,3.830800366928764
-6.052159266328706,2.2645861268962433,5.065942072093394,6.818454805540705,-2.902129807780777,-2.0135096214940242,0.4103865476536643,-0.5337885653634193,12.179852051210975,-2.5308926347126066
0.31255078826875504,0.14688409254716062,6.286606966517948,4.319317929593554,-5.075685081988526,1.026937268333496,1.2388219477695288,1.3203074708898024,11.740349900728223,-5.309816875032828
5.158434275783293,4.3204458503755205,6.234774942961863,0.5631052490278254,-4.81058971170923,2.055439927010072,3.425036570285984,4.065808748355503,9.898391245204014,-3.2780590824292255
6.022641397512406,8.579387962505375,1.7117543422172985,-2.93296647405632,-3.041379955378064,0.6089252120000428,5.332799242090077,7.492723426052298,6.055447298245258,-1.9511991788864678
5.394527311251876,8.879980076117148,-4.168285286931649,0.0009839438726091387,-1.982585559362323,-0.3026735654127256,5.794284017407083,9.409662908296989,0.2277166599023448,-1.5776530814891725
5.192022997231637,6.962878108264729,-4.708074142402099,5.061426459992905,0.4488321915150594,0.3005039909003656,6.085881084187437,8.147489532413271,-4.516460310452196,0.38494837906778334
6.91408303424554,4.359616578931143,-3.170754596647111,6.85515391966903,4.1417107540541,1.2320640196437833,6.708856719307536,4.3715820816737025,-6.329956129214979,1.4301939883841523
7.637325013380401,2.752230044983019,-2.1263779077210208,6.563257051480764,7.440862323584749,1.9979779459208802,6.379508346356613,-0.13431743140809083,-5.910704488001552,-1.0148381964065438
5.963162847118357,4.013718999773891,-1.1627102385793053,6.017345995250294,9.968673731837148,2.1264985534139305,4.53267594420978,-2.786962247631617,-3.0345205991617727,-3.7493904547879846
4.011857676098366,6.150923354605952,0.4770756157376812,6.1573167896043035,11.030300851287103,0.4880116603129845,3.2162941564327907,-2.5720511262259693,0.25408306062787567,-3.4445050627871265
3.214436831784459,7.975833164307573,3.4894936534101157,7.040835473325214,9.33075522750346,-1.4852215005596525,4.50912638253646,-0.6366434809575483,2.2049822347673294,-1.5257777268000838
3.499360234156689,10.066517452468753,7.222632518875559,6.145671965953694,4.6956693585414,-1.5262291515228323,6.030950393486478,2.5254088503001375,2.413647749010044,0.11843919569053385
4.740910644142668,12.739536041841754,6.7004213899668885,0.40121566075175785,2.3293940158676163,0.2567465186999127,6.418823090415495,4.740580631291217,1.1074112717793394,1.1064219109578741
7.168844595508231,12.893931203318987,-2.0910282380387377,-1.3659306314089215,3.006481972197852,3.3125035056324337,7.061710989498238,4.304177256184712,-0.3989501444255779,1.9497570067760497
9.63200967055476,5.939274620112101,-8.231625524271315,2.8654991957998672,4.929370468031933,5.99296937513019,6.907352136355119,1.089407491556254,-0.768846548994621,2.299506346589505
9.891186450119127,-3.792488001848075,-6.834958080535045,-1.0469117773439707,7.787131975826808,8.468016573998087,1.9791832393139144,-1.4722689156150601,0.2564571445569252,2.7868937417041706
7.5882476666537455,-7.641472136392662,2.1452486726193607,-3.043148533616512,4.6649173612976105,9.806158679728213,-3.4439910658738833,0.6422215926105941,0.9567313958920913,3.9791605827541767
3.8619758977590912,-5.717576787149005,6.737359870081356,3.7680461875440443,4.870451660374804,8.044394679567903,-3.9132643579252497,4.147296686498647,3.9682746952109973,5.0547865284391715
-0.3563433239906515,-3.9836852890328402,4.646290711741736,10.034746338558767,4.993491715131896,3.0293088662123915,-2.851715125688575,4.627492368197381,8.097768904834625,3.599826486755471
-1.253591266470112,-2.7973000448569905,1.1466334811081804,12.097469693547206,2.900506169991943,-1.5525576295661834,-1.659859776163315,3.334137246322023,9.789237720940564,-0.35900125152525497
1.5394156533213326,-1.5753015213181119,-0.5684622124531263,11.974688479665945,0.751094467942137,-2.6447125571159296,-0.8235211138270597,2.5934888656410147,9.734402945032912,-2.0286562659245915
3.837084378620225,-0.2475544319568005,-0.33898941525992304,11.725960943811364,-0.23498191370764965,-1.637105345936043,-0.29659015163610786,2.670594907998789,9.533713229935113,-0.6163131585929165
4.0164120237535785,0.6213643952548247,0.8090008263381953,11.54045961536795,-0.4412957626796963,-0.11155561616815146,0.41758966260120367,3.396283169463949,9.708919091930436,1.4002896410214665
3.090507705204467,1.4437394081852304,2.4372902723532395,11.161299427529546,-0.5002621932451299,1.2997654522819138,1.6136347245485476,4.875053480353579,10.034477816003426,1.7210621835086544
3.09876356328631,3.016808204064458,4.727045217259787,10.043416829032443,-1.0702357286612223,2.675491923744914,3.7198478830241974,7.217809421164279,8.961434558222098,-0.29941820945983544
3.9101947132334054,6.289351801474087,7.228745092517533,6.4026320213943135,-2.1976747010387636,3.775096248317183,7.496890389416732,9.0035613743714,3.4294544108708136,-2.2724411469553765
3.0318580664062904,9.781288828055418,6.812005898180205,-0.7607580573719623,-2.085366360915056,2.8757500903622257,11.106704352757996,5.043425947804211,-4.154454693657482,-1.0074310119079912
2.812339472702775,11.113492322930178,0.8603897948653731,-4.377086014553008,-0.4959097476144153,1.9352213906629283,11.567239594785837,-2.3202035781296058,-4.136799424560601,-0.7681145982636317
2.425644909316047,10.739264802265108,-4.0604927696067845,-0.7274146965938652,-0.4987839791629676,2.033136167465121,10.740774308297171,-4.5856025492293035,1.8861406577705429,-0.42093989361046286
3.6750269185249365,9.124546567172512,-3.7059659685396884,4.164117499907977,1.7579860169492714,2.994813718108012,9.857977745512624,-1.5070960151096173,5.550209217267727,2.944031167684501
4.971553342032721,6.105385418650677,-1.8046681219091012,5.836537334386454,5.898576681034102,5.001986651551325,8.440145107467725,1.2962907325184765,6.035801429464868,6.052699375610308
4.112379006472045,2.7426985405034987,-0.23943529324366863,5.9709927383363395,10.115460593309857,6.162250845149386,5.161378178124423,2.405963893369897,6.502515054274899,8.10652330367889
0.41444693274063127,1.6241330853779306,1.4014695147199987,6.9314486686267145,12.717566753976321,2.8558086569826386,1.5402779289952364,3.6686904211071782,8.341285552858249,7.788809817161437
-2.507184053616645,2.6123197799403344,4.226280874561483,9.609637850463086,9.703963485360676,-3.8245084087659214,2.4744091983953656,5.926014036105334,10.107911026714396,2.541851856231701
-0.5105167370820163,2.1523412399792963,7.620427019817685,10.418432719998277,-1.8652862615533898,-5.564682677087865,0.9912145368582728,9.706304554807021,6.8026603062554045,-5.166391908667837
1.2362660773855803,4.043536350997639,9.44356214182817,2.5600183728654597,-8.65819441550331,0.6852450505831098,-1.6469541714515887,9.273881342033912,1.978736227760164,-7.361600194671147
-1.2340117343405748,4.97472018997681,8.021856160728257,-7.217842067287357,-4.742409306391771,0.022960568468584963,1.1204097805251396,9.250884370309873,-3.050069931735165,-5.118129105965701
-1.9096305778634446,3.806214671348273,5.472848160028197,-9.025515363110186,2.560937052874971,0.2654068447304309,1.523907729881197,8.829219296873907,-4.784604716418158,0.9775988774281126
1.6559828011721032,4.185846648544283,2.9424959029602604,-7.168526043463398,4.579713135248891,5.310533753080341,3.262934227403047,7.474152197100321,-2.5594835776514357,5.004860855024571
5.300185946837911,3.163399861142933,-0.06800079672673576,-5.564992142465032,1.4721510368229822,9.089881772193998,5.744090897601264,3.8238828622362555,-0.6995961729458225,5.9010572148781115
6.735077001912235,-0.23553421627177606,-0.7253916836608016,-3.9376449031283176,-2.17949057783882,8.574080488451123,7.547273221297179,-1.655261357371844,0.3077340853438343,6.247396521437523
5.224641709683761,-3.026065766088805,1.879283373544546,-2.61700100879074,-3.1471754270251475,5.738376016005278,7.313336225356961,-5.031243695738349,1.4599087834961364,7.49465516734093
1.6671650138469607,-3.487380442085976,4.406227388301666,-1.1653580051717056,-2.188565798406563,3.836662478338601,6.395296391667201,-5.59627076815615,1.482354776776973,9.087986368276134
-1.0907957531629486,-2.237577680301483,5.085703195045064,0.5400173923482957,-1.0059971325002643,3.4776495896515285,5.391501572645324,-5.543766110895114,0.39282595594765635,9.7312841232143
-0.8607058024995433,-0.5262489663299275,5.248818785670769,1.831016807030329,-0.13201341526034593,3.899633979513239,4.034868771363561,-5.897920823045546,-1.3825009952750986,9.55696361485907
2.294174032746856,0.34272682812700106,5.686039102654181,2.726654717953807,0.5571461894366139,4.4815269715512285,2.0461367255305847,-6.315288681424327,-3.715195241308961,7.902317758513883
5.947997770686967,1.4077389359077335,5.9968047723612825,3.485857423912958,1.0995974794009158,4.8096209167433805,-0.2713496247777245,-5.4898407116045895,-5.3088697062386165,3.472078760719145
6.881151320711418,5.43157674885597,5.32507511739464,3.0941519160268283,1.6142021218051554,4.705827332867225,-1.8591689608906055,-2.9038281880808934,-4.748698452557974,-1.351610758891272
4.31985151928704,9.619441997045383,3.2074958640019515,1.4592340720998598,2.4421980704994914,4.378195576577833,-2.197889334124437,0.05137843387249097,-3.326627918273847,-3.071130399968041
1.3611178330414035,11.049562200145674,2.0673172337960963,0.4873057538993005,3.30579796915386,4.128119773792215,-1.6924484156231605,2.3182366960408,-2.147877439216941,-2.243276279319848
0.38408016181727755,11.19436587574451,2.279338341057145,-0.13779564161774366,3.9759092361500246,4.19791920879753,-0.7977031641848293,3.7399744169483897,-1.0488988653288005,-0.7311768424400864
1.1889713890240836,11.217490216331464,1.8387339508237794,-0.6159595709735252,4.454314328314971,4.806838363813161,0.19999408143631853,4.476480729821269,0.08337292990617318,0.446813732122227
2.884151320489667,11.086566795733763,-0.0744622068080627,-0.21945258440970533,4.776621002442656,5.833313456897654,1.1356950661762726,4.694602830054218,1.101683709073003,1.2142929124274708
4.904931690254233,9.851904460498158,-2.509679126720614,1.4049830828655736,5.70533930284211,6.6805890041753075,1.6695378618841434,4.53338691480126,1.993724398449669,1.9574174913512932
6.719577104257077,6.489742053152704,-4.240828053651141,2.6241221594670443,8.2442419502915,6.4584950077978185,0.9250010655275709,4.481429783653747,3.2047172447062127,3.085032055503432
6.7766657984049345,1.1613544740427226,-4.643578551369468,0.8115652636287636,10.394672873508851,5.021557264278562,-0.8331986654797389,4.94605689564866,5.580672063455289,4.6756613537578815
2.923140439622984,-2.414967474096845,-2.66935752417962,-2.342626347573841,9.664973080091945,4.861088726429614,-2.156254014099782,4.999877260308597,9.226421121796372,5.120378345076142
-0.7942306451579466,-1.7243158890234547,-0.696636782950361,-2.8460819198953664,7.880534165706806,5.508441610876439,-3.0549110323699527,4.054518927898443,12.037774340884184,1.448941346937124
1.0209651613685484,-0.5548021302112637,0.5377131805149691,-1.680822617109625,6.84961515927857,5.162624554974808,-3.908129207497508,2.274089186119319,12.753013256944426,-1.8311004847422663
2.9769631105572385,0.8440184555954706,1.3818624976978404,0.056524280410201744,6.8516133799652605,3.283711844684041,-4.95874827962543,-0.5741793046561416,12.720221600006099,0.9989610355219314
-0.18964738783172547,1.4833395699110452,2.1432301155460527,1.9580592993388068,7.076514578859971,-0.18309641852261055,-4.890168139263203,-4.53618910634046,10.036533425751625,6.68521189893447
-2.6870871514324044,3.325202394985257,4.041524846477186,3.9045478803604583,5.898740642007039,-3.220801811724978,-1.2220390309637266,-6.022348410360346,3.726947547826038,9.485100579384602
1.0173360462640546,4.522191797946407,6.765090482712101,4.475108642650909,2.4804894147265366,-3.4037475661218966,3.0286764581484196,-4.0860414851941105,-0.04468488400170423,10.039529041314188
6.542242050670318,4.0631623717785175,7.005580760014436,2.5909886606953907,-0.27142119049648167,-2.1715073783462033,4.748658020352219,-1.9100964979911685,-0.7464682131496362,9.651341632971162
10.150455601967135,1.911104633846075,5.291937904770277,1.1057778944803385,-0.5651073740292935,-1.2002410916415673,5.336834670744848,-0.22618477567239959,-0.15967139582497408,9.221748811847737
9.923763426241962,-1.453362761753693,5.563913718446969,1.6859985704794622,-0.25689059799271374,-0.29124629223549103,5.722078494380558,1.3482496539477764,1.0154042434783546,9.649546837916406
5.65085576340811,-3.2210960498238355,7.19937506934417,3.776102194224404,-0.9028616186189911,0.554165313600574,6.185113853675097,3.132126013742869,2.7701825194376353,10.624259690127943
-0.9590453222688233,-2.7146695070959717,6.7870556556610735,5.31236402922476,-2.6827871541844486,1.1449870933254394,7.0814034607161895,5.703408672054847,5.022145591026253,9.64676922757073
-4.906160225695871,-1.317978866294736,5.566353146482274,4.91973747518035,-3.9151096759043256,1.130901049995915,8.620054922475976,9.201544027290288,4.773600408382431,4.116236976663105
-4.283213909891138,-1.5516337120256543,4.761308726773786,4.013647598664698,-4.494658725298243,0.021893747310321232,9.626752114055321,10.28063451103421,-1.5338785776773376,2.081364457254611
-1.6640745125157503,-0.5742786265116944,4.464356352383113,3.072642322495497,-4.912251846196042,-1.593683470532755,8.652453054191659,7.658877034800247,-4.695102488047922,7.052195127986684
2.580800570096799,0.142966796822142,4.947820417255287,1.506400156200141,-5.019515232537503,-2.956131829055212,6.13957501651211,6.722866424881219,-2.504029621546578,9.76073658096356
3.2818525798814906,-0.46541910022837496,5.478753123291016,0.08357789525843351,-4.164508178972271,-3.3912899072254117,2.7386523752126286,8.208771642888898,2.6001935768906694,9.80501980823882
-0.7859101110963996,0.05431224480899086,5.978912984024554,-0.638788629697303,-2.5431890866495155,-2.6178449826154693,-0.16651255994031666,9.235257904479827,9.189082818554256,5.176374423367235
0.07678761238856113,0.4282916995783552,6.36995849180258,-0.7357128390726694,-0.7556133862782369,-1.4145384886198449,-1.2266351466962435,8.28498079902288,10.260876559520366,-4.234331726338782
4.649677775182333,4.696283327103428,5.862355245504573,-0.9505022304246498,0.7454956896138478,-0.3219340629894465,-0.8033710504893073,7.46222132709162,6.410131848492548,-7.119831853644612
2.9082880800452715,9.761647655630151,1.9570131083929683,-2.1555473934504503,2.1701526424833557,0.8887360313529604,0.3572133725374742,7.554507372241447,2.0017492376025223,-6.684290618708608
-2.3063407715993627,10.100216601378078,0.5809477263520859,-1.5451392691246109,2.7562069431833107,2.507437133511008,2.085021070005017,7.480111254418426,-2.4002861652556833,-4.70979067354629
-3.877416652721345,8.654476890486777,3.4533634373858586,-1.5896647776559463,3.2400960820276246,4.520935112133437,4.019919642207089,5.499111751037172,-4.648837547557676,0.46791843573043
0.5070330002963881,8.386650605323716,4.027778474627527,-2.436855384788795,3.5397829821903426,7.185430969661386,4.555939373267437,1.4949683024693772,-4.014412816962445,3.76371118803479
5.552654355378938,7.960165635103156,0.0396658614506884,-2.3516215944084244,2.6713176944370756,9.342542265080839,2.1837889611463037,-1.6531781390553357,-2.734211795681485,3.309355844008126
8.231983658206419,4.665684858695826,-4.297162332877417,-0.24048262338296889,1.8717812710762858,9.840105497313843,-0.6183370988091272,-1.292077772286178,-1.849545189555018,2.051140770219396
8.998750499940547,-0.2873020004786824,-4.629846498399609,0.5628202003469965,3.2359080295767306,9.395584374480304,-1.9730133815236497,1.2530500287400106,-0.726867919342635,1.6695625983957982
8.575034409027896,-3.7239093233464806,-1.3301024125655343,-0.24713205007520261,4.011029835862465,8.70667380556516,-1.7992497581251976,3.784832037409646,1.3177585889997736,2.550439686061995
6.509396557798678,-4.255014801128126,2.6762193175266953,1.4500550303062687,4.762872961080119,8.214816865243161,-0.49397738915008516,5.0497902593664525,4.068556722836735,3.9913334482754275
3.0427480344037487,-3.252708337291927,3.9367912425965175,5.46526826768532,6.45543550987992,6.5329405362112265,0.33332810182283745,5.5479987836933855,6.8019357447090005,4.201987155825962
0.6478621516212559,-1.951019661219678,3.1221622956736823,9.212038917742504,7.33760536634066,2.114586129171964,0.7136891571349809,6.146858452837169,8.527798111993961,1.5544660357373126
1.8606459458052778,-0.48023548343960587,2.658086011565032,11.272079504818787,4.288769111754561,-2.5788989020861646,1.406590039257157,7.472624191156619,7.627436082949946,-2.2146707715117344
4.206026063832529,2.526727803347156,3.97852881906571,11.1438683261144,-1.9604860918042157,-2.4938899396174707,0.1811465380719368,8.575545677172597,4.527128320731579,-3.985210368679118
4.092145793967508,7.152794841152118,6.574247446378866,6.235269135611639,-5.683184075846071,2.2120010558363825,1.1007296940233326,8.697720192420293,1.6193596380803847,-3.893704720984782
1.792416947479135,10.268522931972795,5.635193130475658,-2.568891458504424,-4.861618809168302,2.0919645450245796,5.615027086731187,7.546149343837119,-2.9182580022705276,-2.23125632400171
1.81094901092212,10.704650072658492,-0.19107029750889337,-5.365208955576316,-2.4050941903045002,-0.8331744740834031,6.584518749644609,4.653497094168414,-5.77426276471689,0.9525690629559798
5.128253743854682,8.858229679943623,-5.636754043281629,-0.29389980115884473,-1.6017682898637762,-1.615354553397917,6.219975267487061,2.3902726969343475,-5.83740569689446,1.8066348682956128
6.894586621339708,4.525328262321752,-6.480761434438045,5.055882812924029,0.9323011717819248,-0.7964762322935488,6.2985132830177575,0.6448293571770946,-5.035732371137075,0.12432836588218954
6.622488182668074,1.7991477245123844,-5.260159959148206,5.575042642598173,4.874480457284241,0.466013443719806,6.646381812427283,-1.0206047017617694,-3.4165182083063392,-1.813459442752299
6.216913555068736,1.132990216712194,-4.013080612898364,3.7430458603114416,8.046223003074385,2.4506408315183803,5.8094994089005905,-2.12168061094052,-0.7884768382588001,-2.3016631614438894
6.458859664169583,0.8717064724940945,-3.033408884958279,1.6540658103032428,10.012268366027472,4.513064634431305,2.247966112213811,-2.2285072237065737,1.5096249663745798,-0.7237261462975291
6.668858934739454,-0.23178148663867393,-1.996696233912897,0.038986374830838,10.549766239892586,4.104638429431509,-2.278980605618245,-1.0674206382892715,2.2635663243595046,1.8735053910476835
5.894084214485807,-1.8454118953099607,-0.18629061831492877,-0.2511588754623023,10.40386578899694,1.454339371060787,-4.099818023195373,0.06530342868469524,2.788903140072242,4.246869213706891
3.446679602091179,-2.7430820906084197,1.7123379474633138,1.7705716724089582,10.221335480962875,-1.8392378598049932,-2.5503172638655336,-0.09619884227786332,3.5220227285198202,6.2158288117133464
-0.11286777117217772,-2.2704318192161064,2.0924455439650838,4.914024419908568,8.414175145709498,-4.3157005479908985,1.5321409074159487,0.5832390869338293,4.139645056486476,7.149427269910191
-3.007133686582118,-0.36127875599743736,1.902971681832792,6.876301487488258,4.768623931991523,-4.758328824491313,4.25245950916497,4.391727914180477,5.311867946226223,5.546041449351967
-3.367749665623527,0.8714534512743343,3.1447784201402076,7.613947080152317,0.4048687274228846,-4.1266138614008385,3.0644341155247226,8.682555051065846,5.172255115479005,0.6782676742883083
-1.6678379749769892,0.4827650566951383,4.471980532796296,6.887986794985932,-3.6043068743512783,-1.7473044002048885,0.4510966249564465,10.016847946839569,2.722297810992597,-3.1073427228905697
-0.3314801772642433,0.6956008926577025,5.3200469393836896,4.794283759870142,-5.07551091790446,1.6633771352673166,1.5014472293370353,10.019777662229089,-0.4031846543494657,-3.141628212004529
0.2225419741940401,1.5162221218653509,6.103904875847797,1.9762595829339265,-4.736814994997488,2.4185241744378865,5.507522375505941,8.312029505571566,-4.084781966970567,0.1394188283167157
2.642705863139637,2.756733425314879,6.260768360379235,-1.031863638128701,-3.47802171837488,0.635220131157566,7.61335967471876,4.108812655599261,-5.616054243597894,3.4368125632673627
6.301634236123003,4.275911097350156,4.276119149559045,-3.0364972161295296,-1.0175735640087185,-0.6008523466891889,7.8259578832877015,0.7854719663681557,-5.042149471641907,2.921798192488369
8.129301120833667,5.147622879389394,-0.05070222931836277,-2.8212703007329267,0.7543697081941262,0.4516093700954432,8.007815502227796,-1.3986394127568653,-3.3408884013410054,0.45944406780670954
8.167572820351952,4.158738341125124,-3.748182330565542,-0.8563840818253492,1.0879197438133996,2.251983918320263,7.75886585492022,-2.791982492456307,-0.33959808534250646,-0.47793201895771686
8.288061232112867,0.8962714782353256,-4.5681514218750845,0.6660929022325925,2.021566568307385,3.9794369410199137,6.649239361983273,-2.891992382187817,2.5500774569316427,1.8343841830752
6.494464761162001,-3.710481144606664,-2.2145044021249785,0.23493033291677468,3.218147952419405,5.832711858001636,4.4375654009891985,-2.5182000430824276,3.7267972603985315,5.866493116155965
0.7966473874345681,-5.302427585253803,0.5087820790834445,0.7294241987872698,4.068651734780175,7.087951828597713,1.2278361880446003,-2.0894906408354936,3.338945394915808,8.395246451434657
-4.075090016275948,-2.3035402548816357,0.2294370378131131,2.0280350190108467,5.5137611017842785,6.43374134067724,-2.0755348445548627,-0.7453717919683756,2.7092789476717756,8.445729859042764
-4.962534847210868,2.2338483306069503,1.28527307936667,3.055948060662191,6.995108923644077,3.303660914556109,-3.8930811926198183,0.8359632211387347,3.5647047098623985,7.161349591845821
-4.0006883767090295,4.373245770805524,4.9652626359762575,4.624460044729272,6.455365313197371,-1.1124611426615434,-3.1865635981036142,0.5595712730375779,4.9934773269722665,5.22527066950065
-3.0750460100678465,4.068524036725065,9.014964029550496,5.101655247408757,2.0964550727375975,-3.1778796416619977,-0.9572392009550259,-0.01094630204467581,5.587938515177139,3.825348613300407
-2.55864991599122,2.770743650599267,11.285878348088566,1.8950845615857013,-1.768792631743068,-1.9663657900624898,0.008379479607929424,0.6442301196240638,6.087009530019296,2.725643153376115
-2.1781756696643213,1.2994570021863823,11.665973659030543,-1.2656803472607243,-0.6880288842918476,-0.8346576830009803,0.6105658663698794,1.7481802728419418,6.634789390400562,1.2558917141626935
-1.1826614737502934,0.2536490942525581,11.550819219773503,-0.3011603456956169,1.5807035775606662,0.3141914244015768,1.4466617412017526,3.211343625454326,6.757185500566541,-0.6281733979451422
0.7152772793285358,0.8826971557603785,11.451710085561919,2.110091538376721,1.3658499601447727,1.3847947712160886,2.476660889423665,4.849756051599121,5.70456518566749,-2.2204963911163125
2.1282642753857544,3.8360185960971833,11.36146355472108,1.228768913151603,0.3104641442343493,2.265098853423932,4.052512535113141,6.102875892806991,3.013892540495584,-2.764783159524329
1.8682907234445667,7.076395495878367,9.606442833647971,-2.8081590018852296,1.709886565691642,3.506356963000263,6.006052294386354,5.599685491114946,-0.6794850414451226,-1.9842083037610512
1.5601854379268303,8.706597205635584,5.079725958670771,-5.332861085366427,3.313814024694834,7.0600485161836115,6.743528856186674,1.5532521914613997,-2.547449445009373,-0.48711088680055326
2.1861815804621973,9.198123684469497,-0.7594423896944784,-5.09243758613168,0.4882550767002729,9.771108623501853,4.169945462331197,-3.337996558657866,-0.8350230948544879,0.05491829409204724
3.3436414288502982,8.288281607285489,-4.708927469246731,-0.5805641837445759,-2.2693925889772224,9.17319062270446,2.04939835599586,-4.698251369338676,1.1336941736557775,1.2186466915029068
5.115829643087732,5.524242932765676,-4.77492975674153,4.11262144743999,1.7564234696486638,9.092888052702111,-0.47586087285668416,-4.045296051314672,1.4709013415912167,3.2814329908757136
6.485942241413524,1.2189493994594032,-3.7867820072038416,4.114920362659435,7.673995977944319,5.467640888562052,-5.042182783223927,-0.9594688974789172,0.6769032452928317,4.756414285031319
5.694904637205861,-2.9767603075178077,-2.092353901267821,1.8805612881478333,9.449684883830475,-1.351468207863416,-5.176690848637676,0.5046355837940546,1.7514649086562781,5.8832067371749055
2.118052238961084,-4.643896179162189,0.029781230614096987,1.4961575280026393,9.189467066461662,-4.390408915243017,-0.7909815737526227,-0.1305547587240703,2.6235760563998136,7.112359844507123
-2.1256632035371554,-3.184548748177495,0.18392447690082447,2.6345859840926122,8.402569913061217,-3.462607119380347,3.468733566514631,1.917206967678563,3.619217219162625,7.109823938054414
-4.327024241074318,-0.0010924586398248781,0.21805109994751876,3.3964220961675577,7.892910987055002,-1.0634869818425083,5.11910946832606,5.4491198309347055,4.634311507714987,4.43346564945105
-3.77097425961193,1.5324074149775995,1.9293404344450074,4.6490467805533155,7.754248908115838,1.0606517304786158,5.6210917604467605,7.9510681829584025,3.0794307104170406,0.6105573755997384
-2.4688108440264993,1.4923677331728211,3.990130534831179,6.86300774170671,7.23767669635535,2.0445770886567147,6.131171876046415,7.823991149924218,-0.7770312377636424,0.24336232727905355
-0.7165933076030133,1.7317471211714002,6.025719533242808,9.407710452319566,5.073489256442288,1.7314323667444786,6.577295976154348,5.558204649689222,-2.935308658336671,2.797204733370183
2.214669512637819,2.7526221419830508,8.295034597391592,9.781166307186322,0.2507904998093786,1.6847300127233684,7.120017242480225,2.973217233773338,-2.940385834792576,4.5115928935830745
5.779067471216791,5.22225272952113,9.602980875355483,4.456601354629629,-3.927720568377835,2.261054185975149,8.157838566647257,0.2532450414967305,-2.140752248100863,4.485575464159982
9.490735683406207,8.205226978832876,4.480937056978216,-2.94669644005179,-2.961928854455867,0.05230536857397036,8.77039029864788,-1.037675883954608,-0.6908840296717662,3.9205920626017385
12.14155105390297,3.4971159621289396,-3.9346584083952942,-1.8485269628034753,-1.5160240359395518,-1.2978022194618968,8.754570180915433,0.6730058177310893,0.48511450499282194,4.49366531642785
10.824914735660625,-5.51099050641076,-1.0304177022143337,-0.5838847516877292,-0.6261715774104912,-1.2334438790268698,8.4781735991504,3.223178558547124,0.7527444786665324,5.646766393171485
6.3346569731474345,-7.1174013872968604,5.299602188936069,2.186661594445406,0.12054594474229384,-0.2875238285923081,8.29525440214941,5.09407722809945,0.7157769046008237,6.369105780845713
2.276822931018916,-5.726045277215008,5.676842139941261,6.290983642717149,-1.348048300898523,0.5629285244438118,8.581333598917544,5.946783266259731,0.6034123210004804,6.6271960301981885
-0.4612975724816528,-4.334282940420267,3.0080999155581303,7.897162497069872,-2.687226354977869,1.1222783130166405,9.394290921781712,5.958185728206221,0.19263880493990104,6.7432808628524725
-1.5929174195116562,-2.3559959319052703,0.6940375336436551,8.278392257094959,-1.744965149556263,1.5616279867520544,10.460686807241363,4.925543448662057,-0.460946316311053,7.14326300331215
-0.8865056253864655,-0.2586363968225378,0.42068231347215995,8.464243611254208,0.5567747913007648,2.2264190697795336,11.197582606704936,2.78850500681318,-0.7438527666597874,7.743419372164268
0.8210380802995001,0.7523807476757712,1.619675512205813,8.755539862415057,2.9402071517633472,3.396991519073917,10.923723666511135,-0.04978300544904868,-0.1583718902745963,8.04983394601312
1.9974093136254438,0.8048164075853927,3.0140545062109116,9.611358857838377,5.012520426398844,4.312194102261435,8.765310916529526,-2.4522998643442433,0.9977277478212252,8.387490647775303
2.2664274683862917,0.6175733547224314,4.235131915915203,11.351694192182523,5.718432081173797,3.075114069533442,5.712958772939181,-3.0888756347114072,1.3790948739676174,9.176873231232467
2.3865683967119775,0.4621829650716595,5.288820253816112,12.991845825060832,2.537220146487539,0.7165163521423685,4.843273768178019,-2.1187738863595293,1.066081530906971,9.835095228302855
2.449638203561333,0.36613791538142865,6.142072005914123,12.327454785239674,-2.7118554329647315,1.7210444218637493,5.286511140317582,-0.870101035771627,1.2285766543084564,10.254078846913966
2.0539759611305444,0.41893341250547284,6.815419675379816,9.28347342822524,-5.0049936420865775,4.394563867592258,6.830136027916274,-0.8104810701079967,1.7597112762308242,10.654271253679527
1.3194395046549858,0.7221372530705121,7.408935414909598,5.474631759224772,-5.208850125718519,4.6523097344363125,8.875762000069516,-1.883218089849787,2.179885486040379,11.164497136368869
0.640751601979574,1.2592128443659516,7.8714986680777645,1.4305217826508874,-4.998690138292854,2.1697418598048452,10.035180818159208,-1.8381732496815415,2.5455587658698167,11.732967333027961
0.14353524192243955,1.9504813062801873,7.920815064873263,-2.1822264570640164,-3.0923606326930635,-1.3630952612935874,10.096759953813391,1.7384135607038813,3.1987576853847006,11.744011925745303
-0.4294292946511943,2.75108494120148,7.4461323187249615,-3.548444389352813,1.0069788187584383,-1.572144030711228,9.0245718269051,7.719753209722763,4.434070567011775,9.737881487831379
-0.3950255222866417,3.461868394396948,6.913825354137623,-2.5516257429619498,3.9653103301476795,2.646186113777464,9.366335633157467,11.381033943057194,3.495094007293143,5.382091884623684
1.8279773960036916,4.1882665716615275,6.396479421311048,-0.9124798193611436,4.794041211998446,8.690045305147649,11.98744724177731,6.156844258188739,-1.5142653852247063,4.701067684169804
5.512807122916839,5.0313855012439666,4.958795098554977,0.31473432263309464,5.214295448721612,13.638101542811054,5.343748260188212,-5.84392684762009,-0.8611175841598449,4.684329420633354
8.60949479756699,5.099804194778458,2.3740760954024904,1.426006021961615,6.460668239032575,11.458926152809541,-8.112527180188211,-1.2549670163997362,-2.524920994606768,3.492459377060917
10.206118267826744,3.4538377214518654,-0.17967004266969144,2.435020971590225,7.994313237068155,3.4249857696617427,-9.222312984115948,6.764204238604305,3.4710712015617604,3.6263438881200556
6.82097144334146,-0.7898790619061486,-0.20079152018219226,2.8582417506042623,8.080331007314015,-4.4642281393358925,-6.730289796403712,0.9180045444725495,9.881814974644906,7.601977700713258
-3.1178423394119017,-1.2015545630588016,0.4801796052003614,3.7838606847207332,6.06861218732072,-7.644022896464371,0.7506381711098165,-2.9499697052949214,7.408158225151704,11.294383591729467
-6.92801218368845,4.400992346092551,3.246396619055712,4.55169246010775,3.015218443929191,-6.330967938897434,5.079624601439602,3.003328857109829,7.058612422434128,7.644335550099552
-6.097132422669862,3.2748904858348586,8.568249310133693,2.8795178196307,-0.6718738037755503,-4.722573600562519,2.9032184165898736,8.917930104132648,6.483433476610902,-0.9770709363396684
-3.004559125158573,-1.9097598917561849,9.177078642327693,1.7676529488373078,-2.1874086941585045,-3.139295516529832,-0.6625470366151034,9.97785937382117,2.0000869740802347,-5.943731333541832
-0.1733315870498071,-2.7468061597384485,8.340995586503642,2.5416905595708283,-3.2551640232434487,-0.8828197251927261,-2.08434103302418,9.686348892729685,-0.9660019825783779,-4.750597278916807
1.013082046339679,-0.9838589455152704,8.128952331363541,1.9490230363534229,-3.7780051556906016,1.4809946814175015,-0.4206144721346865,9.934167232564993,-1.7163840872653948,-2.0895411404342594
1.7926431072361482,1.2139584859796928,8.252320691983119,-0.1309396455682672,-3.052494522494017,2.2008602019051686,3.115660309198656,9.374871524100406,-2.4878844061251573,0.6985670405674265
3.6726977970056507,3.472902199306203,7.439449657266704,-2.572658876594777,-1.0130957287819828,1.8164703793533863,5.777639259451147,7.257265528755644,-3.340949494317112,3.1945194740912406
7.139009108217437,5.07269189111248,3.9557678328817634,-3.770618245999529,1.1925373306407125,2.846335362439143,7.258062681517895,3.944403442633349,-3.5785193514109377,3.93954178302236
9.945687838333908,3.8893217421848068,-0.9804645035909094,-2.940667457703378,1.2133839980988295,4.991588237918075,7.528668893445014,-0.7424698466278894,-2.8796128958917206,2.28076060502009
10.545042141157232,0.8643354153528939,-2.795783857517785,-1.3982978327442597,0.48154760788483636,6.155824333888754,5.76379017466928,-4.472582507491286,-0.19395199363289373,1.0356070570947604
10.037026037597242,-2.3158637609484676,-0.8044615468603,-0.5030521026450848,0.6451275424722916,6.759368689652344,2.7100726157158825,-5.32543452980601,1.8280666806232302,3.4774496330544657
7.597873599663254,-4.404199677364369,3.1394599090923023,1.1216039247480223,1.573382391083414,7.117994262538836,-0.5968925832234644,-4.359514480860359,0.7663623652596295,6.105021320924375
5.221534905437938,-4.21965158694997,5.24143884463847,4.837926011583987,2.945157512759152,6.262208936260249,-3.110871435010235,-1.637684200943028,-0.7794668545126576,6.405624271365408
3.683363936991506,-3.3721010772060844,4.831079130657078,8.82768075915971,3.343341721905968,3.3196087989746683,-3.4841976188818475,1.2536616103014127,0.21469750124790288,6.496337659283351
1.3578453196837321,-2.7246768949653584,3.150727712827182,11.162804009039665,1.768272502713156,0.6413090993300734,-2.3867916477944595,2.206814644481638,2.8765862238946194,6.866297550685141
-1.8154254682455546,-1.379138849215264,1.427581481097961,11.741071725021262,0.48603543604792177,0.29141964479752325,-1.173522018914246,2.32462887060663,5.366617113007367,6.089632086038464
-3.7086537468326664,0.6098102867277706,1.8231288380682025,11.669303754023803,0.39476815726007797,0.7014893133343504,-0.011792734900044177,2.7446839223525235,7.062665246562808,3.1495807927844743
-3.0462380511347513,0.9071659625835554,3.947894023122361,11.216071558414031,-0.6767910573198812,1.615118635048868,1.2911076886590154,3.800498496578419,7.429571626387437,-0.9986313211329407
-0.3000791484319434,0.6427692026352373,5.31858750624858,10.177444002582583,-1.8948015113254,3.4814665235731272,3.5849680971775495,5.233782776697192,5.44022250907471,-3.9527762834707896
1.440096978289588,2.3575461205911714,6.813926427790827,8.140561987606949,-2.2823951915068896,4.867522632164682,7.266595888147994,4.979809945705857,0.9105162928547572,-4.1164697394188545
0.9061258949858395,4.4149837931968,8.684068641401197,3.8366598326577606,-2.7297586704758507,4.675379555315078,10.107510993265183,0.4953503707793554,-1.6617243676050137,-2.71446156385916
0.624948393968327,5.6635590123957975,8.821968848388526,-2.0797329743149593,-1.82557215852798,2.932177593251962,10.471479152740404,-2.820490142037123,1.3952890651831729,-1.5232730108440637
1.3328922857228722,6.760548570184535,5.844642890090329,-5.67576775336917,1.1470286055635472,3.246771139796751,9.935329531297473,-1.1508245144179146,4.500963338279087,0.5023759594301793
2.4628981348003878,7.3433173327828785,0.8358804647934228,-5.9566297913463995,1.1650184091003377,6.206039142091067,9.121930384300375,0.12223164774646644,5.284127884341526,2.445681454815314
3.621815672450619,6.022009341894748,-3.5154131412220013,-3.296979787104016,-1.6691107945055603,6.219053143911862,9.454466053119067,0.1357083299464382,5.679960989338121,4.728728428000069
3.4088699625662877,2.815862846741707,-4.420521370910439,0.5691573395430969,-1.7030784461056243,4.404768008945371,10.850027526771413,1.6302441062888426,5.804860074937602,6.866765616057724
1.4098487577491434,0.9242443342077415,-3.230042975128783,2.3247319188165623,0.6495436802426271,4.376666419985579,12.135821341671393,3.853649671398898,4.994233057843995,6.984441374659585
0.2721997090093806,1.1824758883353481,-1.7911341374199719,2.817230863599387,3.5223987333020026,6.888391305783663,12.733599463716928,2.8277237972196145,3.280271099871877,6.0622074574014935
0.2138335748877407,1.86238170272635,-0.26728020372154226,3.1748239626189028,7.000207362406291,11.061739041689528,7.854234596405828,-2.4767590856668162,3.5909574606487435,6.463749310564673
0.3876103655585132,2.5108315946537667,1.430882172141189,4.239655061289161,10.822398942958127,8.69350404331827,-4.706593935282023,-2.4603505204739213,2.414967936180082,7.908929795392441
1.9173879334965345,2.613756307807514,3.3184563118751615,6.744120715593035,10.363202246807504,-4.40092858878838,-6.14041437482757,-1.1279449534834711,1.6000261754459402,8.50206215276309
3.8780508228262205,2.0914297949959475,5.095985914768173,8.439854097438944,1.0027668495165365,-9.287179023562944,1.1989026919575152,-1.6309203845186864,0.47939910934206753,9.061212951500227
5.35721616319592,1.2208629572393077,6.004462049980342,5.541372122879466,-7.476350525912672,-5.223326404673613,-0.10480915050455855,0.3726826214989104,1.0580617188569093,9.467291664466927
4.751917609271652,0.20419689396607132,6.268935357424821,0.5957436726270187,-8.470319175549538,-0.5289625850945258,-1.3163173233734038,0.8778385017114387,2.5976178240601704,10.293789367605852
1.494223192810055,-0.19014177859133827,6.673531311530613,-2.938460118729812,-5.890250934796158,0.1504832977757703,-0.1690558572851628,1.5061528312025667,4.582251065110759,10.926222121285862
-3.0712716560121933,0.9898550886285418,6.934567481483502,-4.421232877001246,-1.7899851587220956,-0.37692944781799065,0.7084642412397313,2.50976205034381,6.964761490956792,9.183574977183817
-5.780310102567806,1.41656716632588,7.300536979286866,-3.8020907480942583,2.219961215271029,0.7987452735416621,1.5835554548470125,4.089291916772694,8.811835061303237,3.0733040942558443
-3.3864986237456742,-1.7131998526239087,7.507708679675026,0.0021248942149991734,4.164113563503356,3.0364410408402946,2.684319118688607,5.928019420200261,7.312159497330329,-4.43202238268316
1.6344718479940301,-1.299035123853118,7.0834795220089655,5.232007443462966,3.81507236999739,3.959465908479552,4.192445215574361,6.579952704031635,1.8066575910903542,-6.403709442895692
1.7149332140044957,2.295674984457936,7.6806767135131135,7.424617453902481,2.3411658070637484,4.046986704702257,5.741527770661815,4.4529066010676095,-3.239003995036038,-4.575160707381367
0.07546987315292464,3.9842225492964456,9.846129226735734,5.864650426744101,0.13654087611799004,4.488191367684309,6.560709497103468,0.025027065903619583,-4.140610065059341,-2.6362630730623446
-0.4529819682111712,4.189099472703044,11.427886164663068,1.3019294404393498,-1.0235798455931082,4.797658530773598,6.252387707688816,-3.693588047353556,-1.1176436127142564,-1.8330736879199823
0.12318461082138354,4.453488508217428,10.961277682076336,-2.900549403180061,0.6358823232699298,5.085270928885219,4.773956247131494,-4.527048768561564,2.7249389071722483,-0.30023461183405087
1.1612142051733148,5.479247405890842,8.710194054044651,-4.539676531907598,2.9890017930622212,6.874258031509909,1.8078818443132225,-3.816125366214642,4.403164597712493,2.4400199963584326
2.7041062676183465,6.376438915488779,5.026623005110247,-4.904183641205539,3.2315218939809123,8.588381959092903,-2.259611773288613,-2.3236086630168233,3.758120098745724,5.173670020976666
4.9445584772260265,5.295852277249741,0.5019730061980523,-4.423203462270411,1.0833466468439141,9.054049124744584,-3.7703364970630315,0.6180293329743969,3.6189671213252743,7.2060429047082195
4.321964743872502,1.4151768579205757,-1.481849313645279,-2.762491934189079,-1.4733759203971974,9.079313829604681,-0.6152017334093673,2.612115699774039,6.033049399307914,8.885940348941688
-0.921451397848899,0.4442272085202097,-0.599312767108555,-1.2898601365564781,-2.264920236513453,8.379819765609819,4.5281313080939585,3.158241037078579,8.296224583494695,8.11747776011513
-3.7372861384635683,2.7423022666743577,0.8071696689627739,-0.2484158732449765,-1.6386612472041777,7.069563432555226,9.233166245656218,4.3188842883173475,7.94750461769357,3.1139800087986838
-2.784775213613463,3.14945015785172,2.6635288457983077,0.02721587530000627,-0.560551023691874,6.205507257913645,12.851928627684163,4.13170137517385,3.58764615195906,-0.7931636713438373
-1.6544383716985647,2.9196378973429935,3.996049246596346,0.006970114960460655,0.44892331939923025,6.524235766006874,13.686041535296738,-0.8475253368853564,1.673420751227349,-0.6232787012931079
-0.6091671696021291,3.128717776714555,4.887970450589587,0.08486737964431998,1.367506409284102,7.91748186360999,10.654512187072052,-4.1381237317138355,5.784499989532599,1.1567017423643084
-0.7372530508122218,3.6676882058653275,5.595135812481938,0.2409670288800975,2.243394571813047,9.464530614638505,5.642501613420638,-3.8797696463400206,8.301407338187143,4.530818185548103
-1.9869937122190553,4.24323557249914,6.6660576235410565,0.4335603197394367,3.103692880549035,10.129546861981744,0.2543008534192377,-2.991762834069879,7.555435054466862,6.680338302441236
-2.2955756634026323,4.685298822803533,8.18215103128254,0.6517981555010917,3.8776269190569463,9.19829260413069,-4.093729226975196,-1.1048794858438167,6.012724071374277,6.945960315472801
-1.9321498527403271,4.720331368819607,9.676105808478159,1.060110094917951,4.379272231474539,6.854605977470747,-5.957862637342933,0.9362795505474536,6.45432051789028,6.002928510108182
-2.1037823635305353,4.229118251474279,11.156291910745347,1.7669125090152813,4.223245267491078,4.016085040871554,-6.1515506619606075,0.7202526426304474,7.922876726212358,4.298354408513294
-2.482394326619683,2.966294427200826,12.589178426419405,2.542286177802757,2.8564348400279735,1.7735750611351384,-5.635950451665156,-1.3850527025298542,7.8905920559507825,3.289213019608796
-2.931815220313575,1.1573746178820463,13.403286665139335,2.764124154413964,0.4948726072953633,1.2763508985984053,-4.673809363223401,-3.1394048639948364,6.144697940944149,3.7051131102371673
-3.575433772356217,-0.8715345246098408,13.148558086263781,2.5209933016644257,-1.5071072250971245,2.474889317215136,-3.719749171925789,-3.188653961528368,3.913304726015979,4.346303776611031
-4.421130921793146,-2.8681399420854246,11.631729392170447,2.9172013155381986,-2.67879757513949,4.374841363892431,-2.517572163728361,-1.8775915923933086,2.5988122925745216,4.493965546613373
-5.623140190487311,-4.393153089740537,8.421343881547678,4.292219032108896,-3.0275647962115895,6.329761511296885,-0.3294519870441419,-0.37268854580756394,2.6762679483581286,4.064514814344137
-6.6709375607067445,-4.4868334191738155,3.5626389560203866,6.051485775925878,-1.1814664553116627,7.621928056596669,2.2382711779355637,0.19713552263144699,3.359421139092071,2.830640276724101
-6.48129468638093,-2.677783158700426,-0.48460994048845185,6.919055149008614,3.933608492831625,7.343568870597408,2.2244057223068907,0.15802135502827777,3.9832381327174096,1.1101798334284962
-5.062354689884854,-0.6669965830930848,-1.4020691791498119,6.240103344331519,9.008212282995895,3.8063834458613757,-0.42761344803547385,0.8688267261877214,4.533933821836742,-0.5972182391276992
-3.004585186422771,0.24744066195141534,-0.4499079687584865,5.652380157341083,10.18367073338542,-1.8033168764849326,-0.15617051267032067,1.4959468674946108,4.9709909181339995,-1.9771604182596159
-0.7628024460880858,0.7484375079457037,0.897973688185097,6.22380837578363,8.051176807649764,-4.600299058678999,3.0797336800525517,3.553011248083896,4.530607224581136,-2.7726364017399545
0.8301039817107614,1.724684398277178,2.510373785375188,7.308742254237118,4.000772201100677,-4.897550264359258,4.045234874165763,7.123063489495854,1.4411995457975935,-3.1100208197789425
1.0738661297045964,3.096883637237841,4.693398952440795,7.100008476683482,-1.1805879519635023,-3.9657794638860455,1.7324530692297704,8.659031350772167,-1.9631620012484223,-1.474182686435654
1.862292364324003,4.52140891361308,6.658577788090994,3.4131929757519885,-4.571973471516406,-1.1059162781334089,-0.35599112222835727,8.85155984576847,-1.3001531041489343,1.0068480556777244
3.4528881735867185,6.275618564735548,5.790373729033788,-2.0850173934387124,-3.6310168309769963,0.27558478721369234,0.4239216649624902,8.967972043559984,1.2191987665690258,1.8929633185277626
4.920953854102361,7.280970674247905,1.0121789918909219,-4.15542029573901,-1.2687623650942845,0.2409373243823836,1.5889640353177859,9.265903550126787,2.743429725218482,1.7030188618797988
5.96811636644017,5.8570033450582075,-3.7326920439261846,-1.6949392974919208,-0.7172707350148746,0.7111407187296196,2.83960454164616,9.844617540242275,2.817426419773051,1.3695468379054394
6.62255378006865,2.6216966816783702,-5.058124750884679,1.4189670116401827,0.3718783033721024,1.4782042066109233,4.575200835666051,10.207534815807133,1.2507984294702923,1.414386388577695
7.096580832364689,-0.8828355968604817,-4.0139589445710415,2.0033881815563546,2.5334659294026425,2.8304817127148,6.71011929205964,8.935313519459772,-1.5151948601902685,2.2240233829820784
7.457778756117985,-3.6002188675270306,-1.358363032274646,1.2942386892779218,4.297453334361737,5.537872315946469,8.160091598556162,4.03100922918126,-3.6107204555020855,2.743969361844887
7.61509790748718,-3.536619971099375,1.89842406660715,2.469416973839924,5.915874547041703,8.548375547709563,4.980034872369735,-2.5423123886990373,-2.627266044296558,1.2136277619183033
7.807317223782842,-0.5671628190279772,3.4997028480001706,5.714008411673021,8.251553185355984,6.4647905971520085,-2.5584653275232463,-2.5672418826923433,-1.2691038297601944,0.22564480647808804
8.059875353915444,3.172657008432518,4.123666364500594,8.620374288099482,7.120697560464123,-1.9810872807854412,-3.6270066033272172,-0.24188647995373214,-0.6044341547620188,0.29283630545994377
8.587910119893722,6.8914466988073375,4.888455629406092,8.085646546498744,0.07781697356908479,-4.860946101939686,-0.9450584849710136,-0.0011580600687944621,0.3652021150249599,1.1311409481763313
10.071715207712202,9.210406531086896,2.716966789567282,4.065285795934921,-3.6034312784753117,-2.0588944656307744,-0.7013904719528922,0.6323979689765563,1.3661590299308823,2.716209596634026
12.150521228025672,5.043911903689123,-2.1034471615763466,4.334343138260175,-2.5795567377983573,0.40462543992836864,0.0068727523309541905,1.4078384481179926,2.61995038629187,5.333464606754832
9.271229580331696,-4.642711435654189,-1.2844051167778268,5.244602185808209,0.2635895721387999,1.8093840349926764,1.293627024834718,2.3718916851508545,4.5010164141023985,8.91874329852231
-2.315899009783447,-6.853836106500821,-1.3999103976705638,5.170861171951157,2.5506765015863593,2.151671500677909,2.432552315636629,3.8076969134585337,7.258691492594003,9.098512767416171
-7.485146192911162,-0.6418225930830967,-3.817422863062408,3.426800507354378,5.425745092572276,2.4134112396733864,3.340818648208614,6.066660869897472,8.439671409136531,0.49507671683617893
-3.909797125238618,0.24125116508881553,-2.3465933435986823,2.203639165020156,7.457893400793843,3.7894677627708084,4.114397753455847,7.6133335775520194,3.4217224885656643,-6.545790585005266
-2.593858081624116,-0.09913892359562537,-1.162980164356234,1.6200045669675307,8.874735379069586,6.248881739584087,4.024794452176794,5.773669464118779,-2.9644016157101025,-5.000971330442966
-2.4556096303327295,0.28939936119783827,-0.0858327029954501,1.8637488709407435,10.217307103109777,7.53465824329176,0.9619536278328362,3.3408828531596653,-4.172610629107383,-0.9888077693643695
-1.0680783803080964,1.203936491332814,1.1716605685488193,3.1557339316509956,11.47108529573849,4.183676766345529,-2.404328611497624,4.734683425046065,-2.178632205898456,1.8675358072395412
0.43818222329099743,2.0623512335338354,2.7355329571299327,5.58212693433242,10.710744986946866,-2.5734432938925975,-1.7766193898526297,5.554908554617612,1.525876405927428,2.82784930989461
1.2502033094103735,2.932512583523412,4.858832572275439,7.892107366683239,4.5907686592843175,-7.055048878904362,0.41142648981054575,5.746049257130454,3.9433320742852915,2.238139796151878
1.8930539955090704,4.298663708659129,7.295519420271541,5.8074334305976025,-3.9757470106369572,-5.365599369513518,-2.3487959127742553,5.45832923304272,5.780983378013584,1.0133542791847079
2.560777519255757,6.335312923050831,7.39425750586086,-1.6002237323718895,-5.119408637215225,-1.0604972549997873,-3.851299166600984,2.6444135824817043,7.780034501524165,0.7333937084922006
3.1056914464834597,7.675278035068602,2.6832975747576944,-5.873514187142115,-1.4822282834504978,-0.14933156928319707,-2.7811699261740177,0.5409211410330159,8.669473617733146,2.7230758970447964
3.10677546018567,6.484450082473487,-2.6084451429421693,-4.271377627183258,-0.5371179641762784,0.5895149114923751,-1.5607712273851853,-0.32036333495192093,8.779655757674542,6.08900083886299
1.2589590221131153,4.36621028522473,-3.9575002444221736,-0.8827658585877942,-0.5876163417917376,1.3913647866224137,-0.42271169174236,-0.06498613731269065,8.679787115078422,8.638303634351926
-1.5339502999702306,5.112232631973465,-2.3010328423145303,1.584815623273669,0.6317335784694227,2.1988819673209443,0.6487102095626804,0.9771946739273378,9.128007005308689,8.21908752757261
-2.630211120224537,7.048006460492134,1.5609744323741777,2.5903840895374532,2.141658896703382,2.7872204506569966,1.6140582896175522,2.6107115514466805,10.074137578783773,4.691666472332614
-2.0032890493821722,6.9762784474424295,5.574645435310016,1.6612542024272496,2.7781279080791705,3.46276888256996,2.7567952322699423,4.764170712689554,9.902842358167266,-0.7315813184799591
-0.4214181758956601,6.2483604686130665,7.3015626613826115,0.2357078135395222,3.248258154728326,4.866695652836769,4.56664651947828,6.630007666617806,6.0027190447924825,-5.2270349971525665
-1.36351932802847,5.8320314315288035,7.745953988831211,-0.6675484270802676,3.9153601077806752,7.403606184429138,6.575123266568939,4.968199594959713,-0.4076311634368359,-5.547152432447314
-3.0008563631438565,3.3921806059687656,8.735925040816257,-0.03691700186556765,4.463693969479439,10.3594015359436,4.89787118768,-0.8309014622498281,-1.6773312359651271,-3.4086240228909164
-2.476002620934522,0.7714798767302098,9.609161015036893,3.431692854171761,5.1815507341106315,10.372088146292882,-1.5561587911337726,-1.7535362589178956,0.20083808995646962,-2.056966967613091
-1.2161914230090578,-0.33124920326098506,9.66221003851014,8.776398000114808,4.54185129216391,5.554835039489501,-4.606604448328026,1.8169429501091918,1.2650014382460437,-1.0564752430546285
0.02732047200696619,0.0805099282710498,9.457528707541538,11.002676473108124,-0.781441929383623,3.129181317391695,-3.1297267717619173,3.2426658417136043,2.9246672245227563,-0.6674902455720666
1.143701680703499,1.6299727612377852,10.115171389986548,7.393016307090191,-4.2998262095697,6.6351233495454345,1.2801646489071636,3.9380351013418475,3.77048684974332,-0.6530493861212852
2.022547302605577,4.12349914660308,10.591122677634841,0.37346124646991097,-4.18078312123162,6.716673590168524,7.572170828702292,2.769912544045236,2.6695080761499024,-0.28048666843261894
2.8911406171487157,6.769895362918739,7.348070073177179,-6.334661723554797,-1.4612895462591433,3.632669552838928,10.191545976394558,0.9586086187919047,1.9265406795914906,0.83407383134462
4.37963073300535,7.687182426297064,-0.31132728079759087,-7.5235423466583615,-0.30205761683962795,3.607223613477063,10.513938562095825,0.37254750026510747,2.1364301905541137,2.264416769856446
6.059081568571221,4.330374969824954,-6.010570957811014,-3.0614344895482755,-2.7241960206659988,1.7874943790051292,10.97402856294339,0.7350682397680002,2.642568850013989,4.142675951281041
5.759513572821172,-1.6729712443882074,-5.5069047489204515,0.4945036575900681,-2.138543063827221,-0.4548518420274956,11.058562739827478,3.762248510592494,2.143932046846611,5.676425674448664
3.3196015601294446,-4.992016344425893,-2.7196712168907884,0.6167767468754247,-0.7733087728366514,-0.8309901885251765,10.457443482554194,6.531706539164213,0.4551436406145142,6.065699975781214
1.0749637442339728,-5.17465943465873,-0.7715897735763395,0.7537769849140203,0.3178432840173535,0.008186464552691342,10.07886492866421,6.903424306423272,-1.209103050117326,6.682381931986046
-0.14430742611100067,-3.990293045812649,-0.046676867255863064,1.4609054018352583,1.3614444515300739,1.686139521258051,10.424507931050854,4.835041757233409,-1.8378923588813083,7.872994920269025
-0.3637219517671497,-2.40411712363417,0.2498616713258247,2.325075436525059,2.6951268245686535,4.121530939276378,10.524747998979482,0.7475860527437574,-1.3573329660161257,8.606764201531163
-0.11630591401108412,-1.0258854580357988,0.6990259256718377,3.2904645656275986,4.77305966861846,6.914001999613215,7.448848973812908,-4.003941944658921,-0.2750220288612564,8.675421144610901
0.9861279498399136,-0.16949675514084223,1.406370566350935,4.605068345294319,7.621928520255492,6.868318528394029,-0.3242964879044896,-5.4086675474708725,-1.8299089196926246,8.409039841173824
4.101730887571111,-0.5039234908689679,2.155667981217534,6.637885967527159,8.819664902896205,0.10551645526250386,-4.011618839721791,-1.9690730342389482,-4.4334541218963635,6.528394797449064
6.455975051086837,-0.941356051608249,2.7228705132548687,8.784290370628431,4.440213829576974,-5.8500832384514485,-0.2987637481583669,-0.43584838904818,-3.8727801299840845,4.229571040415221
7.617387522895286,-0.1124284516055559,3.2826502685598222,9.23775821519624,-2.8397272485979146,-4.932045744490361,1.0410662133378747,0.7727607997068567,-2.541094732498103,2.6565742884349937
8.42828148011733,1.8445135399331118,3.9050270971279177,7.220600293060389,-6.516166269504868,0.26601751353687764,0.6005478808072484,1.6991407892336574,-1.140416763169806,2.1768464618692804
9.34796818388337,3.9015766166096055,3.496237643234855,4.0613162793800175,-5.861750754561167,3.550170448025322,3.3105860766221027,1.967957145630697,0.014836494722542032,2.592126152262233
10.512464455600306,3.9101175126814347,1.3629491253140205,2.4275707045213473,-4.058429300913537,3.337476968979483,6.216065940773014,1.2494700480276886,0.689989077814207,3.606076172040261
11.001767243390297,0.5388632711729935,0.255379005815642,2.8090799910592423,-2.1420723427860793,2.65621737266356,7.7222630606602705,0.7962218010053536,1.32680291952065,5.172639609550654
8.892066656837716,-3.512087307259618,2.1931050001151435,3.6230211094245424,-0.5207338195779705,2.7573982933500987,8.463765243172764,0.920983256736688,1.996900678241287,7.107856192292374
3.7538953779373845,-5.140398654823964,3.679674307643463,5.652818019645254,0.41003597146587856,3.43238112568975,8.917790497507523,1.179508500837931,2.682697438159979,8.561199470287029
-2.129819699415502,-3.9730751650846265,1.555033005300586,7.644209158272917,2.022983982113983,4.262382179935903,9.08680309243435,1.3077974998649402,3.3348648711717193,8.497884833268158
-5.172500729118211,0.12804857337861808,0.16248508713349674,8.141081783016785,5.98104002419254,5.0255718667564935,7.981527783572984,1.2473701376139423,3.8522444503909057,6.807021463872383
-4.941956987691335,3.1031227571332414,3.6335855035607567,9.212772964575727,8.910134495988924,3.999550520353992,5.249311711784709,1.604990566776178,4.317872114918767,4.560282828078481
-3.9520898261650013,2.5988368396440267,8.65321081524995,11.815467063727327,4.667579570325785,0.3571536155641266,4.466548997347748,3.41497575987602,4.556213819147675,2.154227122362009
-2.821486078848236,0.3346148392197341,10.916492019087123,9.495647728062195,-5.351990324821836,1.3933934479152106,5.2995420542511615,5.721679335812008,3.2711025075330067,-0.24012876847472003
-1.475475195891327,-1.0534322531389477,10.535490046803034,2.1634871203592407,-8.80195128402882,1.2045302978651264,8.34853193947523,5.777188402846779,-0.3346818999986563,-0.5226111511376637
-0.27520117517135567,-0.865062674129563,10.499644358326535,-3.6862451437487147,-5.406962630843076,-4.539425441188037,6.411987330011552,5.876767182489443,-3.3489560242153313,1.753173217880378
1.6643317829735702,0.5775109767722253,10.536746228267916,-3.5451806126716088,2.3191345082645087,-4.508659265808604,2.9052275799409344,6.984885784788626,-2.721449251906934,4.404675050210789
3.898150044016294,2.811842431354564,9.808511288570012,0.2680748841018832,5.173860734232198,-1.4864071205698344,2.6783668965451017,7.6801004350716,0.21918897745686694,5.530981155030254
5.670797021972742,5.166899594883107,8.508972590086016,1.968499448550098,4.379353899258617,0.32031780482514294,3.248287549168166,8.536330932675837,3.157396580374108,5.433416257162297
7.0338602314075604,6.944044056038572,5.878382141706542,1.2878314603007273,3.8820242415835304,2.031101461506124,4.4734313016156735,9.783503570733188,4.949811179953773,4.7626631825738155
8.252493461989014,6.8319788064041465,1.7800273093322696,0.9900818815507115,4.389646984465014,4.5835667642070765,6.928564665576014,10.592427875724372,4.181353877281728,4.027834991300431
9.5678193669461,3.6168774917967133,-1.3599262359972704,1.7332441326526538,5.806968920860376,8.534425271626507,9.800093003755174,7.167313289776962,0.8004906330895982,4.336660652855893
9.933546053388326,-1.628273720877699,-0.9916818095727314,1.657008536476797,8.311137117129414,13.080178522220816,4.931195947292548,-1.137702552027183,0.2822700060141399,4.960151629734145
7.872546529231843,-4.7071218311847485,2.254557153240704,3.365408567420457,10.743252391994616,9.145198394288784,-6.921376872941,1.2682168965922789,0.8191336099496092,5.874521225921661
3.0248719728943296,-5.17022213468896,2.8402160764859996,8.537312942589034,9.474362793674995,-5.29993881312931,-7.0421877334441225,1.3000404730675554,5.23551654763138,7.026197896610493
-3.2779144259016526,-3.2914972808204777,-0.7163910652509042,10.030824146969154,0.005312370053610793,-10.216788931629434,-0.398704944819949,-2.2756805252513232,4.5781442466584314,7.778114597017083
-5.460595344495541,1.9231369437152113,-0.5856034135722133,10.339445489374024,-5.542875261838166,-5.130356372790978,-0.37866856355095113,-1.0996781683099361,3.9261231097089433,6.758594702686299
-4.1914449685298525,4.550608266009388,5.385493405118256,7.86347419831941,-7.205889244170204,2.645060371563567,0.15431030832654774,-0.29652104235102716,4.039783136519565,5.4922893718772965
-2.7519975144124356,4.251974141562064,8.987363751875222,-0.33889964876139134,-6.658685774602385,4.6285750617867505,4.164584193450549,0.6245796940449797,4.622729109254348,4.440344494436083
-1.8486892133252502,3.7132714308016044,8.410484751875288,-6.927645003581173,-2.4466694415593224,0.8642328516276286,6.4312852028469525,2.7022368556950838,4.834204921437401,3.2595919793315264
-0.8968309858904419,3.6451322446279746,6.408481101348588,-7.455894015211462,3.264225840298921,2.79579689888845,7.114894561239519,5.415824588280305,3.49512903224238,1.584323101450311
0.31936706384723096,4.117314516092948,4.457663613987253,-5.743674137650129,3.729521651889425,8.76521123953802,7.7573282682843185,3.214782108744222,1.2384596470132883,1.2231257451691924
1.7421837450047915,4.815995004474598,2.3138041789520156,-4.868459566201729,0.7607394319628327,11.714794108991839,5.806756151951953,-2.396891874147355,1.7852179627129705,2.1815526991452567
3.251378515142518,4.723413432858401,-0.21992701553071314,-3.9678466087635007,-2.8089822704092144,10.738351726378133,3.0681994615828208,-4.895052843828467,2.8531290597053935,4.490081614523577
4.580936760881579,2.497504314213253,-1.7560574435523773,-1.7805740355476711,-4.6145068428601075,8.589999360391529,2.6030943485272657,-5.300018681469524,1.93601728357141,7.194063490341536
4.826175986178671,-1.1708068039504118,-1.0228881915861265,0.11580426574958191,-3.8920133439209605,7.30977823135097,2.5565098592388713,-5.565141596279988,-0.059603601271892126,8.40158011677849
4.267006145178347,-3.622556428264817,0.9560281380871002,1.1247970914191185,-2.14431889789316,7.115909590128492,1.4620906216553524,-5.738319115313326,-2.3307242059382056,7.371968876698809
4.385655016417669,-3.9981561527903846,2.750065266464685,2.5228352067706896,-0.10008945439793604,7.475954057494215,-0.6598848491531261,-4.645742899861731,-4.031360116059912,4.631690110144314
5.145085354329166,-2.5527102478573234,3.83935681051886,4.673297614199193,2.2140278855741107,7.101207087870567,-2.601343411521645,-1.3225443310125353,-4.170257416285719,1.9547774309891444
5.884343549775512,0.12444620610056378,4.419755113101387,6.942827605707819,3.9492772853411764,4.6503490269349825,-2.9096978055624865,2.3799114353973154,-2.569215921227661,1.0737138193013624
6.637154237997321,3.1688338125873905,5.195643694296105,8.185694365626695,3.1406293159945244,1.4795307225535814,-1.8473267153713882,4.153884955277449,-0.17412938848951232,1.5393616068834715
7.686078666369834,6.249951337113705,5.853322320465336,6.697300384248487,0.31392132631467673,0.7781998991012569,-0.5095991657168557,4.723953041780685,2.159575071611809,2.613021335614828
9.22968610786776,7.880874760926646,3.7070161579030176,3.2813157781377416,-0.6361698760185804,1.8020118365169102,1.1638940217211973,5.297735981153838,4.407362716317319,4.417564494587094
9.673108704515535,4.248970970241552,-0.040915078266400506,2.743225486486084,0.5177625620581825,2.612822757252064,3.271799698870194,6.48898528844143,6.888192339329949,7.032913479427219
4.633795345324722,-0.8407984388147862,0.1269582202122218,3.4461301174272423,2.3888287296664528,3.5289981050091392,5.715671054367893,9.081706368316908,9.417248568159772,7.079184402947102
1.3420690572073486,-0.7355638400782275,0.9133607577387376,4.3206129328269025,4.501172984119522,5.324838038789705,9.16695045710747,11.95253402804221,5.719440701698017,0.6479702650115504
2.1900475495053033,0.5141118498123559,1.7508499674942337,5.637074708427573,7.770576593488544,9.146501990349739,11.28615506832973,4.651013090668087,-3.589249142831757,0.5886763218724917
3.24014578535858,1.854956786484828,2.9910233673642628,8.13718635897692,12.940623924410152,8.570057196590112,0.2781657836680853,-3.637800809464734,-2.4895506195218764,0.381761288149178
3.948661660670479,4.002596825426352,5.4873685011986515,11.994001870908304,9.155500747765313,-6.25247682318557,-1.0282995148838827,-1.715093663593158,-1.8739983003575467,0.024520232076531222
4.613616404820755,7.6316465577465165,9.486367990603094,7.495593976120785,-6.8335341496244295,-6.213614922942613,1.2026308383971465,0.20572741607817235,-0.6831181116152495,0.3483382232659765
5.858507047312043,11.43670802557676,4.200506149044386,-5.935955013901944,-5.9689306298312,-4.258117351413832,-1.6414529422306188,0.9836573221710077,0.4358357228277667,1.2150061481178214
7.924134029883083,8.278497908623287,-7.492654141886576,-1.697607097793902,-3.0068071792129762,-4.074720535365865,-2.5341152201229296,0.6733081856069576,1.684664314507401,2.689821107496167
8.334273222794344,-1.6465445501928322,-8.334360425531788,3.831569456691505,-0.5472669153937577,-1.9768037277136914,-2.098940984817235,0.34826650499735445,2.7474223180944044,5.102157037862789
2.9864036085159595,-8.134675874559559,-4.7194045751201035,0.6164452889254859,1.734551439384718,-1.0715651722880963,-0.9049353246870517,0.5930775534695283,3.7597200275823215,7.2852687837180214
-4.526977627666584,-5.426187168425925,-3.353819978555686,-1.8607687675697955,2.271868171609857,0.09817535019706847,0.1927443755552311,1.3368247436080138,5.017663839096705,6.632309248779079
-6.863261763793036,0.6939361820158281,-2.8213821767235063,-2.1251051837842407,2.1489888759965194,1.645034612371247,1.1122206842797904,2.4601711924756473,6.182026582951301,2.5624938200955203
-5.348200152024679,2.73109399000486,-0.6545427262895549,-1.0064399614101984,2.2634924139140558,3.099979573450035,2.191520068048063,3.7653290148610736,6.001351334908401,-2.31877119643043
-2.9296551775400967,1.8106458946404542,1.1797624425981834,0.070380304906006,2.844924044160277,4.561629286652053,3.5782591725464314,4.615741175587185,3.545174466469007,-5.117764794739239
-1.5041872628961763,1.2143917099964936,2.398315596061878,1.3495929290434667,3.7633567414647406,6.18241731750348,4.699331732784643,3.651313459069717,0.2885148149185812,-4.847789304520681
-1.0436478852839217,1.2118368175869467,3.509076573537148,3.101831445265627,5.187012599264694,7.486025343072194,3.796043980932894,1.1027231234395232,-0.7654226167944709,-3.2908602749271534
-0.43390468471728316,1.5623633644869441,4.78730584583835,5.630617657876728,6.883320852950092,6.420830968086946,0.502529736576014,0.29361011425873973,0.029894854953770533,-1.9705620239397468
0.3680314554411181,2.3470339054711475,6.6218456657556475,8.68474280537075,6.00308088505319,1.670055520430714,-1.0749106641177735,1.3630064527713703,0.9414532698544648,-0.8737001283498904
1.2279708486584175,3.7242897963252295,9.32056087946229,8.634920098076687,-0.5374424736213581,-0.38779513861808157,-0.14508257666305435,2.1256868479215005,1.8422227588624618,0.03311171088185427
2.176061310864174,5.935659523406711,10.829070323852095,0.8167350929396537,-4.353074831975058,1.7484551674933244,1.3396999425369946,2.923423477194083,2.601372320406977,0.804694554069166
3.4241828712175546,8.35181805148301,6.095620543086663,-6.994145904467645,-0.562981492853328,1.2523278414799401,3.0654734693343424,3.894202624074503,2.930626135207928,1.5164253120571647
5.077664736555785,8.17909098895532,-3.107317866703015,-6.528803484969697,0.15805484291662414,2.5810543813494924,4.437911669254049,4.824704614674072,2.8318550224002776,2.276212983279177
6.4302111858496875,3.4189258742105197,-7.583278095220459,-0.9155896001188832,-1.7993889463279866,2.359060813566134,6.495343754435601,5.293130790289856,2.190268727526948,3.19279100888115
6.263007535767081,-2.630533355794074,-6.1496318572111495,1.1258081727189468,-0.14245845474430374,2.377413633728604,8.218357176994719,5.267093590441501,1.0001191500150513,4.016809643431103
4.535436758737784,-5.998740193641759,-2.433145139553694,-0.0788435841481799,1.2034441942806746,3.641872785964414,9.453147734735046,3.5404252506968006,-0.11924397902877688,4.618728310064691
2.2062942021696585,-6.290544733556934,0.7910700997160798,0.43695905684366937,2.026550789991196,5.719916781482224,9.475663065258788,-0.2959903092425189,0.05105726853163889,5.1034115327370175
-0.43525330161309506,-5.086154901707783,1.4247621952460434,2.4251686102927525,3.5512724331825853,7.793375743418726,6.166882686667023,-3.989347629565389,1.4822613932310418,5.8232579207928845
-2.654495920159971,-2.749037702711246,0.41029184240150174,3.930885365364495,6.397770867513196,7.5896423256456735,-0.7308491550085594,-4.399857416720605,0.7610963511701087,6.61786030719762
-2.027129136744259,0.07350393902882546,0.49313005210441174,4.757926278796931,8.713189258407168,1.9341850936628537,-4.9794675905752745,-1.3412135652567265,-1.0855369315867003,6.967190134166528
0.43453850685339956,1.5059766093826419,1.9411188615250043,6.05293406787907,7.249880946068428,-4.777057787643705,-2.171965361314863,-0.3862660820021485,-0.7172220615023442,7.2796418270920435
2.6815901324768117,1.6125515504774024,3.4940022710604444,7.168134505375399,1.8394877628320705,-6.4791256635838,1.6282463032801797,0.7145876930904937,0.27200221768557764,7.504297333471579
3.5824945702908546,1.2932428137492995,4.624329204792659,6.345690132822393,-3.8196677696589667,-4.295729203916051,0.977693304689661,2.6275364318486307,2.2304653579817697,7.89669445769203
2.262071677773722,1.2207822045220282,5.358225953804187,3.5665149468025215,-6.120347308287199,-0.5620886299679677,0.02131022840216662,3.4995988063630037,5.289045585696033,8.037802419006779
-0.7041542288775601,1.8714248719516215,5.949261212953526,0.15295279634454506,-5.508210116837342,1.1442746277724398,1.5147405379942251,4.524186823953783,8.211547711392086,6.0684444151978605
-1.8490515448697806,2.164888608773736,6.361426621088672,-2.807542654439981,-3.2663414619823126,0.4075090287239954,3.1541206383100873,6.903234739552019,8.764135328667361,0.3548248061886916
0.23015159640673433,2.264000303279699,6.1809004767653795,-3.8148428671389416,0.05060731189209655,0.28607141806761494,3.9687495274285074,9.423413871397322,3.8891437164325025,-4.630098173689108
0.0023899095044680463,3.3937163024811876,5.452859122575914,-3.2858964727184863,2.606643662338902,2.383876507930677,5.392850206846777,8.80621620587042,-3.724459046719254,-3.170520653966368
0.49599443555872613,3.9523854619381877,4.955883932579146,-2.232908817984144,3.627918435537796,5.89696116831773,6.807658446773348,2.941815107181424,-6.682753619842919,1.4069232638784026
2.9418967571880525,5.034909823289747,3.9014061604313444,-1.3704545093016889,3.747011681354288,8.94031841907457,3.6548964978188807,-3.759428409546001,-4.90286826811804,0.8515490467229999
3.405355349702117,6.529659821178373,2.036492554969774,-0.8592462061189245,3.6738638038307845,9.543365275900733,-2.728208272441874,-2.902291989510836,-3.240513498738741,-1.0182636384456756
3.004155031675255,7.5321012624918495,0.2865134591813754,-0.16670777641967105,3.871592312882184,8.26989717906777,-4.729225261225907,2.988620719483053,-1.8649711211483986,-0.8393333537008538
3.43984873255236,7.740954390184795,-0.8346993709316876,0.9030706405828498,4.715539044246748,6.744658384726694,-2.7119997703594336,6.634036885127678,0.9931516070368089,0.20563385856861033
4.254810037960688,7.363901788302194,-1.5218179967791845,2.0060406268223336,6.244259024551158,5.526501788231666,-0.4562607577134268,7.569492165240083,3.1280125965478964,0.42754718371045647
4.921207486875363,6.6978278905486075,-1.8917360635699758,2.733103351173689,8.144740908676907,4.481616971275431,0.7868706647592073,7.783218052903264,3.851729967081729,0.2873962525410324
5.461095317976953,5.887204680560686,-2.161870523604584,2.881145592179635,9.948248414463906,3.4497232896677685,1.2229312069355516,7.989338371550949,3.8274712386377723,0.224519859299811
5.932606087471559,4.86789152611216,-2.548680492962244,2.3702544754510506,11.319337688427066,2.665191460110772,1.3325033743773511,8.268974830168082,3.611610964602072,0.29705737211026517
6.342506178677834,3.487955900716614,-3.083110486207927,1.0576420216722475,12.110296935332679,2.878353129610254,1.308258425595255,8.543940307099493,3.4492282027863808,0.46117175299516344
6.640503849693544,1.714429039056655,-3.414498496424847,-1.0795013001014833,11.885403464151029,4.846598926174904,0.9016413339224145,8.662455077105816,3.5977531102205274,0.6684376795123961
6.730237170358784,-0.02417414239335025,-2.779600716361369,-3.1183692475868368,9.629948023398738,8.216177543324676,0.4213444682318142,8.655731594914874,4.343129642634261,0.8253565045871188
6.620312425517079,-0.8488331337531553,-1.0314997346797026,-3.441081080539658,5.736479303335529,11.611281533457266,2.228650198714699,8.215574089329937,4.732489680287564,0.8761039282039071
6.430929473540401,-0.5847818448271855,0.7134932565074149,-2.2551793698343827,2.531760857134023,14.132616334627308,6.4302658223009574,4.503279032345449,3.23834237941303,1.6068736409327036
5.900578108617091,-0.33999584244523245,1.8984403601966515,-0.8287613542301759,1.2963720999736992,15.113891740505588,5.521238240829965,-2.4266090954121866,3.3590689930033006,3.971766917506568
4.147983947321549,-0.9463422314221857,2.948723309190378,0.6996579990783275,2.0061264922759077,14.887532788137005,-1.5533525015586527,-3.5527432311416725,2.5925276496688703,7.3261778367523505
2.245477314827996,-1.3092382446459556,3.770760480540196,3.0110799688674916,4.495665309532301,12.50213783570919,-5.7225729519632225,2.4529125041773856,2.6432711720938413,8.349980395679907
-1.7976985649409796,-0.4564057584674095,4.012394879886327,6.322029122506938,7.37428947414993,6.178072497466605,-5.609585050480628,5.319603421223038,9.09849786261121,5.842651698646171
-3.0271843187301415,-0.08263304510839861,4.51908855829448,9.543714416678993,5.42764012850734,-2.3463047995169077,-4.5120660008746185,1.1455669702709144,12.043546085699244,-0.682005418257136
-0.5067785770638027,-0.04203609969610715,4.823402486828749,10.34255059849969,-2.3652860791593726,-3.260464949553245,-2.1788290130165686,-2.7836900558800606,11.674489923960202,-0.23208283840870175
-1.2922301424525626,0.7446550706610753,5.649882755839835,7.709520061685432,-6.0997601304759925,2.859324458853305,-0.9049081213085778,-3.361750690114765,10.437880296892939,3.6115276243956274
-3.8354961292198286,1.1443462080583333,6.859801436851466,3.867294555268028,-5.250343179979648,6.616588100736394,1.638514818039212,-2.0578306187087803,9.304989819843946,4.417741704236548
-5.171971580792396,0.15739995414490549,7.700379263063862,0.7137625774097887,-3.8866660515723335,6.561179844604103,4.631228597530811,-0.18046668091915197,9.268612064756349,1.8483792800529726
-3.386680985149742,-2.3407252610704723,7.474274931972888,0.04423636215508735,-2.579019885266348,5.084346232010839,7.568833288709048,2.695692699849664,8.445020050936437,-2.381310992227135
1.030001691176421,-2.2586450386668595,7.245846010362532,1.4554216896027883,-1.5862630062157208,3.961025078666294,10.38019699944849,4.895413971694118,3.5357986268359736,-4.407196382831656
2.414976865079623,1.0971957019537697,7.494983662136679,1.7741022720876312,-1.1325712390963494,3.3243124849758687,12.150694022123988,2.0060699274338023,-1.5064061184848105,-3.3100275132427823
2.105626764502228,4.155440926940782,7.373307614536539,-0.0027947571488045053,-0.48768290463751623,3.0444406662722163,12.0887501682762,-2.2800245230543026,0.15851403207066084,-2.2931530273342275
2.4525814434816637,6.390825891034166,5.8131148465125,-2.374352725513091,0.8679488039250092,3.9301463269775443,11.003473610314318,-2.2281111598250796,4.265399287309494,-0.03758277443047087
3.4041336545283083,7.3887792751682895,2.177433098425673,-3.425696413570453,1.4157466737581266,6.173510935308169,9.623482706166401,-0.7454901264013987,6.041037426469952,3.1079916063668493
4.201364491508959,5.87410009081663,-1.5816662886779187,-2.2304824465151434,0.31093941982099493,7.597593143243452,8.767765883228442,-0.29813397750317816,6.619011844540003,6.397805324524454
2.695070257711243,2.657527496192685,-2.5193190293368746,-0.1740377529515882,0.1575674392246856,7.893877971244921,8.67910542409258,-0.11647784667796607,6.9596136820174195,9.284438377231497
-1.2143055233042264,2.512236115365388,-1.376963730891728,1.0770114890976308,1.591137722535441,8.677696629984036,8.135046295665454,-0.04820230647459897,7.24324709780356,9.871919408986518
-3.1795494532414956,5.371232229933933,1.2753164645600246,1.9338227787104625,3.7978965008321532,10.162818233756694,5.680266980816365,-0.45615531942307086,7.45906314604642,8.297874651011114
-2.7183059576303683,7.042730584955883,5.264287653198711,2.2522267493357706,5.86390697484924,10.578232199928692,0.5904587374626447,-0.40082017145582455,7.48549423237948,6.669209958002319
-1.7634047073550136,7.1109394265405825,8.83477330265761,2.52848189963113,6.759487954846336,7.794797161342613,-4.124143185963043,0.8181704182503806,7.920615571386874,5.225891928632921
-1.2957923165718972,6.573617822822299,11.694086214342205,2.8081453050385057,5.779916576391701,3.1685583186515576,-5.737218952504053,0.14211565292039163,8.805461557610402,3.898970383989212
-1.0862698182054364,5.907199207678963,13.641218013744675,1.5783489400800785,3.686964123695779,0.2835571196204857,-5.046971411533144,-2.6104968218713616,7.8016198678502775,4.493720057819832
-0.3115962427326068,5.638251775654717,13.965759482817322,-0.6010464303911867,3.746533423233971,-0.3380583661207942,-3.509911051354952,-4.085065609364592,4.685336630853115,6.611996324702031
2.930387958732907,6.55154135442053,12.355694264008104,-1.226764192842253,5.707408892897964,-0.06569845731118198,-2.0210188057320977,-3.607239485532688,1.3243223861335218,8.25016970713727
9.342437745927441,7.520788072007051,7.183417988473893,-0.8519920417995249,7.154919114459016,0.6425455796415509,-1.1287050213007894,-2.314849550506409,-0.6894658562750695,8.47015041839649
14.429992856015934,2.4172010108663136,0.9023061308109269,0.5111682475702926,7.55762052424026,1.0027518473815644,-0.8418284263608194,-0.9707807311108997,-1.059554754163417,7.2726855213014545
13.612688130880588,-4.12196015378511,3.365470399425291,2.8437101883710714,7.6299990981840455,0.34016203778080434,-0.407015026598935,0.1735278947154057,-0.27732137437581245,6.4901946510270285
10.094701129209428,-4.3720771618279395,6.581831975636346,9.061308380518712,4.064809013810328,-2.0798220062350055,0.9365708039185558,1.1753080408030911,1.1118788606918923,7.19185861124622
5.4265805574363615,-4.045164886032613,5.748119391920525,11.622904013608395,-4.016697808667169,-0.6645882658697841,1.5273926478711999,2.5451127744361024,3.1242672865176426,8.540798982724837
-0.9942262007639853,-3.4762685613690936,2.793058037195781,10.905742319522973,-5.01293586791701,4.8036752698548595,4.247549725164699,3.7071374041132947,5.592492866158216,8.131820598479317
-4.87171020073726,-0.6910134109994632,0.6835505783008174,10.75290137718933,1.029801667261797,6.402604297895465,8.288141396354051,4.315620170709477,5.857872602606602,4.004548020714041
-4.411257267228322,0.7224190248150187,1.9231958576293697,11.177444122669064,7.147638789326876,5.812079823024064,8.340095312653766,3.674240583403865,3.6487604483109535,0.4673669958852029
-3.0223593969375857,0.5683495558968968,3.7306609525284102,13.266513489966993,8.969818280722295,2.1784869936679545,6.36533795772789,3.139809084464101,1.9608856810103865,-0.44425245979789724
-1.7534019702998078,0.39693053767736547,5.048590502094469,15.377683120093785,2.4412453620020225,-1.9157648051559155,6.508428926633539,4.691201702881963,0.2903464181837685,-0.14183746788754498
-0.5460062911648325,0.7405041785917024,6.297736467858811,13.220933560656185,-6.194986508557705,0.983220045107029,6.346845726087229,5.330845035839948,-1.6989389336472587,1.2943326382494738
1.2087277979386546,1.7474978147120928,7.710089868249577,6.815745470159162,-8.798003662726613,3.3572046645784557,9.837277255430621,1.8093764816556885,-2.6550085559188226,2.8735876104120948
3.4445393565099067,3.6339966275699354,7.81431976845222,-1.6855926216325479,-8.305305282075203,-2.9663607119232864,10.629635545368139,-0.3700275101069217,-1.4471007954240915,3.1139203013321564
5.89023534620854,5.414643509660046,3.744036642338466,-6.3952987210499765,-0.8640920981881234,-8.045715474673235,6.367120126510437,4.741722153721475,-1.200173512113656,3.481925216842293
8.430644617462926,3.6172823460693895,-1.8597198580958774,-5.318989730381468,4.311801912094522,-3.990041989444367,4.111405283851605,7.774121358989231,-0.8018249410339959,4.029416143296594
9.027380903610727,-1.6530619721782682,-2.02177085913976,-4.731841995409361,4.283790924302733,1.1781831567528895,4.242713501297488,8.407998556951103,0.4500724953895862,4.584253580794975
7.148614446709967,-4.10551624529086,2.9374073098738203,-2.9946203694016265,3.622493639850323,5.414098253267703,6.12695594369827,7.304526144777455,1.2005666752594826,5.110273980688281
4.928486346461331,-3.1122168610833985,6.058213918350303,1.6663099733793703,4.06760734420847,8.653926112109728,7.634363449554487,3.4585429887179684,1.133893489426593,5.61576405416393
3.2532270512026376,-1.7055006752720825,6.453540117957428,6.865514173111265,5.928644535929644,9.64850330074333,4.328778765680925,-0.8648590744496623,1.7883087632459946,6.45893135997015
1.826370234533914,-0.7521692663375762,6.043372638633832,12.018819194508126,7.2336501058854035,4.135262037421262,-0.873192658963128,-0.7936906851233266,1.9656480536366394,7.460599280328292
0.7426815366026036,0.05909642712806215,6.0369550888857635,14.512587849350814,0.27076829606016584,-1.3136373752243733,-0.42476401132662295,0.11885565369347165,2.4918633510070864,8.014358155896993
-0.31659863829023654,0.9639603940449144,7.03893712504361,11.483268827397175,-5.979106259052857,4.081526422805413,1.2589186564280657,1.0392502185287464,3.6323254050880616,8.079322495701648
-1.4277491124686046,1.801693968334587,8.574966284168278,5.784861647371038,-5.700976377197791,7.485072058791259,6.497743746807435,1.0113478125430164,4.691944498884372,7.414775314300176
-2.25126692734191,2.173852024932544,9.588295630020882,-0.16946400920183136,-4.725785045059581,4.7771362484038455,10.496923796915548,0.6731139001112821,5.101580009969639,6.474818816871317
-2.609839787213101,1.960220893066821,9.622625676144777,-4.243672590529124,-1.4761029871034346,0.9634390837061079,11.784559470173036,4.132317077222372,4.333822451947841,4.658928787600636
-1.7407193791502005,1.4837778562632964,9.333448772632906,-3.6012667714112574,2.884256252213904,3.234685896700701,12.249004911304503,5.7853033227304556,0.42462575962037574,3.2936149244817003
0.2244234898835048,1.8605324568682462,9.220504547227831,-0.34741801203544936,4.304782825097216,8.922609302052471,10.872559566946316,-1.7289930411737293,-0.8146593893926087,4.09111622123126
2.0455365855778633,3.1566662860591497,9.312255544248648,2.549942256861747,5.05242850599364,11.223750412261749,0.7729381279889374,-6.752016806392599,0.7141445060579914,4.958974333860973
5.19501792099555,5.240916728979349,9.42542301745046,4.42883016526636,5.492996158938829,6.982601213960419,-7.49031032803429,-1.0164333566293493,-1.9939379708875433,4.868532503436065
9.070988468740428,8.354884741243746,7.379388978149036,3.362244552967825,4.096847540647315,1.7760505790464984,-7.210027406780647,3.5654847328824637,1.4279964786298294,4.9949339900026235
11.556432293972863,6.331766531605165,1.2989838028501697,2.0654749871020184,3.709687683254083,-0.60507184954999,-5.5765771556617505,2.1423542284342174,6.0382486465453225,8.404199943264963
4.601246612459315,-2.976041475037781,0.6197539809038476,2.869978006822198,3.890547628415963,-2.1799589090692932,-3.606965560932537,-0.8103505390960325,7.224314739383918,14.363677698733404
-6.713802993447382,0.9949599621040603,0.7337940303666216,3.942741959088087,3.352989626218943,-3.0340133799570093,-0.980718607826258,-1.7528868344498196,5.064239309439125,13.800809437069644
-4.487862076973075,7.579733608954822,6.430612935625902,3.3858699956555296,1.629322215424868,-2.7752393282411556,1.1782112196732986,-0.5034765874271241,4.0465886667026885,11.308792325220733
0.6842786477774663,8.33850450311062,8.849292009572133,-1.6051246441621196,1.4647208128685019,-1.4888975105135596,2.161951354833935,1.5810086837045136,5.026398790486549,10.25334937683238
3.4955580012327325,7.68453800578952,4.585856468408442,-4.038454119985879,4.385264390237074,1.3493797795299594,2.8982342210009056,3.932350487538687,7.474930831646738,10.024298930408397
2.0180758465387534,5.841423755666075,0.7194302233640082,-3.2060247336529013,4.602346418710408,5.321716733441898,3.7715857085129096,6.286622399166789,10.665408295045276,8.159279093770948
0.2001905404766008,5.7953952456178754,-0.20578559432578714,-1.9557899028833785,3.4515421622045386,8.662261048911867,6.781668717251166,8.503974242533006,10.355164482120326,1.2126838198384249
0.9518721345183018,6.294262088893186,-0.372227063858577,-0.7302955744678318,2.7687594275851533,11.854908635926021,11.57088758583926,4.906409870393782,2.6130607793559175,-2.647922749181197
0.9424742632101066,6.7956937646015225,-0.01904572522269915,0.37767534657950363,3.287815846018792,14.531409713735195,6.38863001605161,-5.508847418298939,3.7166263665649004,-0.9595826825438465
2.099470904585986,6.942734830040173,0.5299149721267384,1.224343509293485,5.026829268352109,13.381643058716302,-6.724860920464871,-3.641884648841511,3.6777300647499143,3.113765119765345
3.9753438179678144,6.1809970607548905,0.49477515452825094,2.0262676191222426,6.951421094865147,6.487395731092755,-10.837459798085588,3.4603103448002503,5.261882612321604,4.613442232006054
3.348967753272705,4.74339218484279,0.6207802476616613,2.874913309280232,7.533706127145974,-2.3062204898841894,-9.479869052199803,-1.4632309595061388,8.601146392509882,6.686051941121647
2.8298674299568454,3.227352501556146,1.7446878926802114,3.853094487625611,5.6242389368415635,-7.231454685337824,-1.4142784897191198,-6.7198357998813405,1.7203277024215105,10.8182225224498
6.110814897967843,0.2557244881131564,2.5643549228064098,4.865042458584258,2.2062693928188986,-6.323729512370333,5.989552715760714,-3.650834461187635,-1.7658061259036455,10.09975139975386
6.588464954438855,-2.8551622718547414,3.433580635732314,5.874695949853801,-1.3690963020708375,-4.715568476770784,7.5064669913233235,0.30441278864305765,-1.070805202333641,8.868867209618122
4.13235594161626,-4.2976197569093015,3.7750289498177763,6.4437002937622,-4.911459611786162,-3.416629416101861,5.761537669175192,3.61473628566782,0.4158509227246172,8.78060230912167
-0.29026492813524474,-3.938020006229633,2.5912710248943256,6.2246034058620765,-6.914412431861247,-1.0818886008992556,3.799496386256311,6.002099356443413,3.252268727889259,8.262274730431095
-3.957989726351635,-1.575435416649976,1.0877011278771582,5.959803964778356,-6.173651845277787,1.305608877535475,4.720331736979184,8.071736698132403,5.495863363968775,4.099921703950413
-3.457088257646661,-0.3328138223548971,1.2027976182360314,5.907468393795383,-4.194284666360085,2.0628800375961602,7.683980255419863,9.524105824723938,1.706043111667511,-0.46293603275329476
-1.9673503097263738,0.3125565122131643,1.9850297208659802,5.817283355182181,-2.608724995614745,1.8457197738097013,10.1169933565412,6.2633606881395005,-4.433479435163972,2.1233920490777254
1.3448947273120915,1.2508600552626548,3.1957397844569253,5.478020755853308,-1.8784389503438206,1.6018169130019926,10.944909922852222,-0.3847966721393066,-5.052694774864996,4.467927474229778
4.103986319525528,2.0968119680967763,4.161729320741152,4.678079202997201,-1.8222919024410291,1.4072060224096912,10.70178122741859,-4.646593023742425,-1.6278083772084284,3.2039698749199337
5.3258231954403,3.241644768770008,4.484983516920806,3.2609806349348904,-1.887003823277631,1.0717966260340634,10.301071700376456,-3.8664145662384763,2.5710110859219517,4.452532410890387
5.537796806411337,2.963926004451535,4.066088592927859,1.8385878974020853,-1.575857662018454,0.6201738402716606,10.242663891269215,0.13453926656402349,4.166948890543752,7.498282438847654
4.308601247986376,1.5145883234592359,3.8686795737265576,1.3108081149211896,-0.9583553055687922,0.4486696415330804,10.391701295820504,4.799162650935225,4.2964226412264095,8.760039153864074
2.5896704186112918,0.9276872148677977,4.232424613555697,1.470849241994028,-0.3613556739120352,0.7944356211660404,10.782263720243046,8.678627309743975,3.3147434062613046,7.587271618097727
2.766815750959549,1.2210687527338644,4.69842335084006,1.7870635533891552,0.11004170646517034,1.5696047654643417,11.765556509803496,9.470425106717437,0.05053034372095189,6.624197041282435
5.4498089410371495,1.2333626780577034,4.954927224867522,2.122339131001733,0.5458164212136803,2.7029578621460244,13.022946023448966,5.006538827599297,-2.9277363850203524,7.356832289927141
8.498894134145065,0.8298984120611358,5.004380298501557,2.7910999952399473,1.0977261325921548,4.217142699254083,12.757940866986083,-2.5664919684115253,-2.3250018451620074,5.957330980460043
9.370260341595419,1.2143929556488355,4.8945279497564895,3.6961241934637394,1.9899631892688732,5.877579437411967,9.104663836870676,-7.212438546722686,1.6057773676443363,6.050047262505125
8.386469540175849,-0.48802782452701865,5.094754273735986,5.2850250304599955,3.3787664974216627,6.596233618958378,2.7721631522824914,-8.073102634488238,0.9118053357725457,9.48653826893516
8.726058064207624,-2.1320714407504324,5.736380235076017,8.58735631243925,4.084637077565846,4.193702536943597,-2.6571811993067924,-5.981825538868302,-4.557005793048936,6.783017138942149
10.052342745656604,1.555018056154275,6.1269652779277495,10.82733241159201,1.1338800591414575,1.1033696941284767,-3.144451641285227,-2.015121694692023,-5.7858241626617435,-0.09595149081080123
7.3575787185884485,9.90621349130718,6.507688603389885,6.674083046877865,-2.258109786723268,2.801201135995505,-1.7445257698395773,0.7471180476956982,-4.402668162699403,-3.882820774321348
1.2979136132818119,14.037930359936396,4.696253372146112,-1.1863926203187147,-1.8059800132484838,4.189938357515496,0.7248097682164121,2.003000148043551,-3.569398463261574,-3.6300263257543675
-2.140107775767797,13.345037711076387,1.7627979337098674,-4.726920068168154,-1.0915864937874962,4.1033334331196025,2.866757179997979,1.4308920386370598,-3.059523155710423,-1.5057273557392523
-1.741099569800384,12.796594549585503,-0.5173510723917274,-4.06902485759369,-1.5199633010972593,3.664988552080973,4.289569776851495,-0.0030618491898350975,-2.1068894843570476,0.3281790284703937
0.5306232331736922,12.62757601134446,-1.8731134081123453,-0.9327904738785051,-1.5630667977722787,3.1104051789398266,5.1508390156921715,-1.2052182724394824,-0.7070847611160519,1.2874451105386562
3.385725871064238,11.670531151289651,-1.942751542519398,2.5946784812088666,-0.0018238735103859316,3.3419606554803014,5.428621023580016,-1.6971596540119225,0.8334869568866388,2.184500713492679
6.531656334462069,9.182504953231247,-1.8811635156566922,4.922039359999095,3.030279077273129,4.078953933930572,4.7259888317749015,-1.6808836151474276,2.0678867453636385,3.91877730363772
8.867777053199628,3.6803312418266976,-2.22194858676428,5.713131963105939,6.911502051643481,3.7472746767991896,2.724317900355646,-1.184362284043124,2.635406549129553,6.662135770267125
6.593951132226504,-3.489234712298944,-1.0974600881418206,4.739003911421192,9.49889525533415,1.496956368849532,1.0995090801452791,-0.14185935443602582,2.959320236394787,9.333221628631323
-1.1056616455054185,-5.09982394051404,-0.8963771019877366,4.29299474459293,9.958468379044088,-0.7497582854430479,1.6927368663893116,1.2089999399921292,4.04962964023831,10.095794876028524
-6.473507311133925,0.5641891485520434,-1.6193195313071702,2.990587087094501,10.142186523057838,-0.8063862369519433,3.2420242781246973,3.5024595935442493,5.894287015614884,6.821649317406376
-6.241197362144984,3.715210057109011,2.0613128089017776,3.582234063134555,10.118013246158778,0.8097815614617637,3.9099413780141035,6.294886281398864,6.061722543049642,0.175945038387203
-4.373972915889045,1.1895961629476948,5.393064773189744,6.844879520197582,8.611429929271582,0.8382549569963573,4.260120720533008,7.881662560826163,1.8923616333698288,-3.995762741130692
-3.1788750064141826,-1.1736853805953362,5.55382661681364,10.75304769718799,3.7507249241898464,-0.8770308681136385,4.7325847650003325,7.699478100830106,-3.2539954654594396,-1.7229662353890811
-1.6198603542159107,-1.136159119289641,4.189059649785895,11.680605701082342,-1.866759013193931,-0.24471481566827757,4.731588882014316,6.362362851437649,-4.646666826990691,3.309220502134516
1.141456020688874,-0.11542767432064338,4.060103030043802,10.542718709577874,-3.8153871048637327,2.4795619691174178,6.14194077845233,4.077412434409283,-3.406889183546766,6.16039055224016
3.812310020694972,0.34236723916655,4.718585899443692,8.8881876184213,-3.403232915264926,4.037705130839466,8.390412288739686,0.2860568171931357,-2.255590241464766,6.506887161676302
