6.79901784337492,3.6194148787165186,-3.1070679660039797,5.549470698364625,10.022866985426246,5.740814230226259,5.6826135901313775,-5.495117516099897,-3.966722994938846,-4.213202159228278
6.512666890949146,3.7694573909138627,-3.0201292827965265,5.393425891071011,10.502861634644148,5.760312573750666,4.8125733414935485,-5.83151465873068,-3.284691300965824,-4.516393325181886
6.233958695514211,3.936419623632149,-2.93110075066611,5.235535573951082,10.958619923917013,5.700613295761493,3.9117457044361785,-6.051653748393962,-2.6199719239653576,-4.733646408379441
5.968895360636741,4.113326900907934,-2.8401996977105597,5.077636726064645,11.386268818390096,5.5540755628567995,3.00287730665142,-6.165448650667479,-1.9915213644328762,-4.866896344355272
5.721257831472827,4.294360375888723,-2.747733625225705,4.92136430104216,11.782228317845824,5.316086698962184,2.1102251796256795,-6.186610886614455,-1.413614324946204,-4.922198481162113
5.492889164534593,4.474917538846668,-2.654080097483323,4.768172462435318,12.14337377656214,4.985619991344447,1.258248298521146,-6.1315269365300695,-0.8951828494812611,-4.908378496275365
5.284161705533929,4.651536949252203,-2.5596536986291367,4.619350230378374,12.467179058755477,4.565548671194297,0.47030575198946356,-6.018032898136718,-0.43988420252264965,-4.835668000917718
5.094494873946142,4.821746053672513,-2.4648708169798343,4.476031497082979,12.751827372220891,4.062681374911688,-0.2325098708854706,-5.86418111150316,-0.04676407780565589,-4.714518317463135
4.922820958968663,4.983878956234913,-2.3701209070769726,4.33920061052499,12.996281105586196,3.4875185320212245,-0.8323062766777065,-5.687070098337378,0.2887041641746292,-4.554705774605513
4.767941837257042,5.136895189473983,-2.2757488128046552,4.209695140427688,13.200307231647376,2.8537610531107296,-1.315039466086496,-5.5017962264833224,0.5734438885815466,-4.364762383672456
4.628761829174436,5.280216629466732,-2.182048792630241,4.0882073723674095,13.364460055759462,2.177626983462405,-1.6708716629167066,-5.320583312989543,0.8156684007150254,-4.151703714029749
4.504410677694736,5.413589691583137,-2.089268291294654,3.975285742149532,13.49002708131036,1.477044198670169,-1.894274872551632,-5.152145617642746,1.02397843313291,-3.920989554510842
4.3942840738978015,5.536973863529087,-1.9976183260405775,3.871337084749334,13.57894666246435,0.7707889250147665,-1.9839408363890698,-5.001334479543626,1.2067203312562444,-3.676641204438504
4.298030440266898,5.650454330970293,-1.9072873297336408,3.776630225062889,13.633707143600079,0.0776320263213316,-1.9425618645076739,-4.8691014215268185,1.371591093045161,-3.421446153445442
4.2155071532564055,5.75417506206463,-1.8184558066028367,3.691301172641197,13.657236914719443,-0.584457322112899,-1.7765333556116476,-4.752783187536983,1.525429715431107,-3.1571978032254076
4.14672168184667,5.848288467022614,-1.7313098137747451,3.615359980089883,13.652793405044639,-1.199014069660603,-1.495604256166885,-4.646680874218165,1.67411576760181,-2.8849374157437833
4.091766453304101,5.932918166924746,-1.6460518344103268,3.5486991972353783,13.623857193527085,-1.7516607501763792,-1.1124770680716656,-4.542873040139231,1.822503762356429,-2.6051822940343605
4.050751929568962,6.0081321941722114,-1.5629080264907746,3.4911037688929607,13.574035153972472,-2.2305550421098728,-0.6423414578593556,-4.4321776106333655,1.9743482864649506,-2.318135753754878
4.0237408135270964,6.073924848736838,-1.482131136332067,3.4422621977970245,13.506974864517758,-2.6266911350870936,-0.10232307080720504,-4.305163883478564,2.132209229121278,-2.0238795624289563
4.010686584113473,6.130206284756815,-1.4039986884691342,3.401778771089597,13.426290944641199,-2.9340502163183992,0.48916054414893745,-4.153115448750052,2.2973579384177114,-1.7225491560351713
4.011380763816025,6.176799525549331,-1.3288064498043055,3.369186632453003,13.335503030046194,-3.1496017141072925,1.1131243452633672,-3.9688564346173165,2.469724708590059,-1.4144876511656144
4.025414274859043,6.213444868727202,-1.2568576450157591,3.343961442475379,13.237984570368017,-3.2731649987935456,1.7507845312564903,-3.7473742885871753,2.647930810326246,-1.1003691951326335
4.05215796861211,6.239811515094551,-1.1884489161985632,3.3255353219240265,13.136921382876602,-3.307148875919214,2.384317040778597,-3.4861985872520687,2.829434789311379,-0.7812785823233455
4.090765618540987,6.255515717069451,-1.1238544739342364,3.3133107049491164,13.03527895554806,-3.256194818715678,2.9975423050071135,-3.185523325305965,3.0107980163926653,-0.4587346184392396
4.140199417526272,6.2601439791953295,-1.0633101564209948,3.306673682411913,12.935777576676621,-3.1267553925850273,3.5764766909678865,-2.8480866219005887,3.188046827731013,-0.1346503994809644
4.199274177803428,6.253279051628608,-1.0069991053295428,3.305006398235986,12.840874508706277,-2.926642269000052,4.109706167729719,-2.478844224767355,3.3570863789597447,0.18876672813035744
4.266713058078151,6.2345259158142445,-0.9550404550375476,3.307698096943328,12.75275250827892,-2.6645773276523013,4.588560456108532,-2.084489669683944,3.514110572207685,0.5091620000186019
4.341205756113014,6.2035348844099225,-0.9074818743970523,3.314154512581334,12.673314013575324,-2.3497760125772853,5.007091024582414,-1.6728830886553054,3.6559549861004657,0.824204752956652
4.42146023316544,6.160019414386824,-0.8642961266695911,3.32380542970533,12.604180277662952,-1.9915851924294135,5.3618787259779435,-1.252451852437654,3.780353424068473,1.1317586994543951
4.50624103913508,6.1037671835913025,-0.8253811821745103,3.3361104156497414,12.546694648750098,-1.5991895178910602,5.651712905460338,-0.8316199330688728,3.8860785206567887,1.4300268596800674
4.594390479556521,6.0346441839886245,-0.7905629654698094,3.350562894037503,12.50192912058174,-1.1813919555136543,5.877191683910339,-0.418310695336648,3.972967127418711,1.7176536223986834
4.6848322587255,5.952592753973594,-0.7595996188505573,3.3666928779822545,12.470693233182901,-0.7464668661928917,6.040293028364417,-0.019552297926574258,4.041847388719694,1.9937755333420117
4.776560016493326,5.857625357780859,-0.7321862170293474,3.384068790540224,12.453544420454131,-0.30207836342122263,6.143959837348215,0.35880114129777607,4.0943941118379605,2.258021579655427
4.868614878893567,5.749816382554969,-0.7079591145854938,3.4022988620559276,12.450798991639205,0.14474700452676909,6.191731961808537,0.7122334763851428,4.132942044532091,2.5104709383438983
4.960056695779966,5.629294241494223,-0.6864994619181211,3.4210326091108834,12.462543081313182,0.5876060527990628,6.187446464476311,1.0376268050682487,4.1602843801083,2.751580363686633
5.049933292610476,5.4962357528811845,-0.66733579566399,3.439962874763658,12.488643126849276,1.0206763435822435,6.135016052727562,1.3332354359685363,4.179478308675149,2.982094491105981
5.137251172734454,5.35086422012831,-0.6499459385279425,3.4588288498989583,12.5287556611032,1.4386574528459666,6.0382863609783515,1.5985931477048536,4.193672725508728,3.2029510619678017
5.220950046492625,5.1934520345381046,-0.6337586884506312,3.4774204084791642,12.582336467380935,1.8367068966281461,5.900965555507236,1.8343725715655048,4.205966801187347,3.415190304501782
5.299882579571866,5.024328047067918,-0.6181559330425955,3.4955839773262283,12.648649374249347,2.210379600596808,5.726615006213561,2.042212970016839,4.219302839542385,3.619874439320697
5.3727999884311295,4.84388947570251,-0.6024758963941798,3.513230025000271,12.726775159822976,2.5555777707398004,5.5186870357633095,2.224529413205882,4.236392965605598,3.8180202105564605
5.438343603973191,4.652617747520539,-0.5860182253808596,3.5303420936641476,12.81562116318941,2.868516005092869,5.2805946320059824,2.3843132334578905,4.259676577288754,4.0105449095458585
5.495042256166157,4.451097408996687,-0.5680515639611077,3.5469871124025847,12.913932246164467,3.1457045450470758,5.0157980824921,2.524931199310982,4.291303862477986,4.198224716468536
5.54131525628014,4.240037049593224,-0.5478241547701606,3.5633265226151316,13.020303697384392,3.3839517263836756,4.7278944488345935,2.6499293247427653,4.333139707230041,4.3816632994364895
5.57548082044952,4.020291044781292,-0.524577849813265,3.579627522526946,13.133196515712056,3.580384970041974,4.420697442519516,2.7628465930106363,4.386781759957036,4.561268328525217
5.595769944794681,3.7928808132818395,-0.4975657034692848,3.5962735112639863,13.250955254231767,3.7324880792765422,4.098297474628014,2.8670439250987907,4.453586153528104,4.73723368929001
5.600345970405831,3.5590141871154035,-0.46607305557458867,3.6137726030731345,13.37182826661333,3.8381512387664403,3.765094344607709,2.9655541490642707,4.5346944258955615,4.9095255316768975
5.5873303288096245,3.3201014100879385,-0.4294416844259647,3.63276291613911,13.493989807438275,3.895729025325997,3.4257981008835663,3.060959174136201,4.63105560836133,5.077870724463297
5.5548351923828605,3.0777662178093754,-0.3870962175676428,3.6540132513479198,13.615563046807354,3.9041010366709017,3.0853968778817817,3.15530070114529,4.743438382929663,5.241746718574433
5.501003917237631,2.833850423814418,-0.3385715395394868,3.6784178013654,13.73464273010438,3.8627295124073493,2.7490937375488094,3.2500303298532103,4.872429719630437,5.400372225716204
5.424060196287206,2.5904104586866725,-0.28353945186448504,3.7069837061697077,13.849316014899383,3.771708609076904,2.4222173991916915,3.346003677132004,5.018418465034747,5.552698500634158
5.3223666707020465,2.349704399734227,-0.22183236215579827,3.740810627680023,13.957680011456102,3.6318007808305643,2.1101138892424376,3.4435210501657614,5.181564803225357,5.697401397577042
5.194493318057074,2.1141682039153236,-0.15346136965948046,3.7810620687616727,14.057854783514859,3.444456907756225,1.8180272908833657,3.5424144176488355,5.361759053522543,5.832874762884096
5.039295206341351,1.8863801301081606,-0.07862585964147253,3.8289289024421382,14.147991039021584,3.2118182227901064,1.5509777554001563,3.6421771088305723,5.558575511057715,5.9572261046338255
4.855998176267474,1.6690127187345696,0.0022882787713233016,3.8855864649451712,14.226272416664411,2.936699478158767,1.3136437711979152,3.7421291590533254,5.771228554540608,6.068275793942457
4.644289749399314,1.4647721928275663,0.08872433178773705,3.9521475213613875,14.29091306374928,2.6225539186641167,1.110253602618741,3.841607868402714,5.998538674278976,6.163561231850192
4.404411181033824,1.276325751640691,0.1799860419699866,4.029614315040817,14.340151965050019,2.2734212891489274,0.9444882341319206,3.9401703058857893,6.2389151891922845,6.240347404944795
4.137245285363878,1.1062179449482183,0.27528489083616503,4.11883360687636,14.372246081635605,1.8938602410439112,0.8193956168649994,4.037792425427804,6.490360171359556,6.29564503826532
3.844393671567954,0.9567781075420904,0.37380201548262526,4.220458928564125,14.38546459504753,1.4888661028313555,0.7373141068246757,4.135048469970723,6.750494714557519,6.326237195522993
3.5282366143593795,0.8300217079798293,0.4747613041942262,4.334924057882467,14.37808638402272,1.0637743648555458,0.6998021247103221,4.233254406969325,7.016604507209337,6.328714792757471
3.1919691008858395,0.7275493761523508,0.5775080356973874,4.462430871366511,14.348402191209791,0.6241496182628441,0.7075715473424259,4.334560465285137,7.285697356871055,6.299521271964704
2.839607743313425,0.6504483304940126,0.6815854887303738,4.6029532316075565,14.294721886074953,0.17565953577883092,0.7604240952646377,4.441980333438966,7.554561537763252,6.235006813287481
2.4759651239368794,0.5992019186250732,0.7868006276233769,4.756256542388367,14.215385962055652,-0.27606591576960315,0.8571926706731543,4.559348216382929,7.819811384757875,6.131493104530196
2.1065904642744733,0.573614016393468,0.8932696309059232,4.921930312354051,14.10877919262668,-0.725588302627852,0.9956926015450257,4.691199582627865,8.077906153812053,5.985350885182641
1.737677818298046,0.5727560756107345,1.0014349524708348,5.099428878836741,13.973343508438179,-1.1678234504770297,1.172690280754251,4.842576810229128,8.325130360717,5.7930941312428486
1.375944711265376,0.5949455858755378,1.1120479158887506,5.288113782402543,13.807586900381802,-1.59820597334219,1.3838979774422044,5.018766662896636,8.557528846456657,5.551496539055084
1.0284847206997734,0.6377654291887302,1.226114473348656,5.487290534609393,13.610085640853134,-2.012845563715654,1.6240030668366041,5.224982081832029,8.770797538855232,5.257737376469779
0.7025965387072591,0.6981337134702861,1.3448064312010741,5.696232928938022,13.379478321926582,-2.4086627382933607,1.8867373773280645,5.466005611442764,8.96014066413117,4.909584074665963
0.40558952752779964,0.7724326487939295,1.4693456729843541,5.914189624204842,13.114451934282448,-2.7834907683191408,2.1649880776057,5.74581542302056,9.120115944229024,4.505617278248405
0.14456215657181104,0.8567021911933832,1.6008740403419515,6.140370235679578,12.813722118676115,-3.136131254825825,2.45094628279097,6.067217115117967,9.2444996790287,4.04549959964299
-0.07385391388552023,0.9468987687936486,1.7403257563224677,6.373911128050614,12.476011421940882,-3.4663532914998143,2.736284435709244,6.431505301718447,9.326211906012269,3.5302814058804204
-0.24379322861627908,1.0392108188346725,1.888321678138697,6.613823918398133,12.100030538908603,-3.7748300711078913,3.012349683570464,6.838178753415112,9.357346276481104,2.9627255262133696
-0.36050650195392275,1.1304110157978347,2.045104303877916,6.858931797756057,11.684467921833498,-4.063011516429165,3.270358874178389,7.284731924498981,9.329348067946139,2.347618701563665
-0.4207600618566371,1.2182108931621376,2.21052854142974,7.107799788846444,11.227992802319864,-4.332936300466163,3.50158193593107,7.766544303649749,9.233375130880034,1.6920231578976876
-0.4232679620276591,1.3015695020238265,2.3841154705244336,7.358664904905263,10.729275834099553,-4.586990780889502,3.697504198823816,8.276886972547501,9.06085918748957,1.0054106455169332
-0.36911725462032857,1.380897968368707,2.5651652938836036,7.60937112143763,10.187030634132626,-4.827625482005395,3.849964023423717,8.807062311050599,8.804258376219982,0.29961852267904565
-0.26212099623674684,1.4581016592469571,2.7529132443868316,7.85731262236108,9.600078918363598,-5.057041751637426,3.9512689042384546,9.346686801795617,8.45795773551123,-0.4114222829839925
-0.10901190913173084,1.5364161190045076,2.946701456377226,8.099387500532401,8.96744198557436,-5.2768624156425785,3.9942998227667,9.884117222432208,8.01923663379392,-1.1122117827500333
0.08061751183711285,1.620024064646391,3.1461342192285433,8.331963410607537,8.288461925558597,-5.487801256760276,3.9726189499798212,10.407006698543633,7.48918816779817,-1.7864427964798688
0.2947054020513552,1.713485127739422,3.3511860956206436,8.550856750002096,7.562956555873671,-5.6893476957099915,3.8805990022977,10.90296000601526,6.873454473709185,-2.417939637879906
0.5194720920876009,1.8210577391710103,3.5622420611492496,8.751327656396192,6.791411729108089,-5.879485815098221,3.7135931168012073,11.360239782321996,6.182642449094293,-2.9916738874619497
0.7404931539783469,1.9460289859799125,3.7800629837497044,8.928094147304376,5.975212144439719,-6.054471204869235,3.4681617442655837,11.768461064793698,5.432311386899249,-3.4947373588324013
0.9439758398626732,2.090179301376825,4.005683400833408,9.07536975676753,5.116906251486716,-6.208694855352485,3.1423675320676066,12.119205455165472,4.642475542613591,-3.9171588168458555
1.118057307934182,2.253487148963425,4.240257351572321,9.18692984631133,4.220492018828793,-6.334669561112194,2.736140110933535,12.406491757395113,3.8366314485737467,-4.2524821904814285
1.2539161390770985,2.4341281549560674,4.484870739111777,9.256212367037977,3.2916988874182174,-6.423179163167294,2.2516995338012085,12.627057959174836,3.040387834729154,-4.498068557141961
1.3465100775920955,2.6287577235903266,4.740337574413322,9.276459261148238,2.3382286451518346,-6.463631546046273,1.6940093280662496,12.780437004456086,2.279831235663505,-4.655126264811292
1.3948194503400213,2.833005564232944,5.006996221323745,9.240904673499536,1.369906575748197,-6.444648815944166,1.0712080102653752,12.86883948565088,1.5797932551103306,-4.728500667444787
1.4015704139878895,3.0420719627917503,5.284522709794223,9.143014871471687,0.39868724471602035,-6.3549084423438815,0.3949437636889528,12.896881777097432,0.9621933351078733,-4.726263667512418
1.372510610472485,3.2513078322754976,5.571780516454117,8.976780897759172,-0.5615393076171826,-6.18421442319433,-0.31948374562481663,12.871210585228711,0.44461684978405425,-4.659139966707359
1.3153878407234516,3.456681825738757,5.866726854899072,8.737057307745797,-1.4953811713993188,-5.924728248721749,-1.0532788585154877,12.800070604012973,0.03925807167859746,-4.539802993710483
1.238822731008453,3.6550778837751654,6.166391571451189,8.41992889605926,-2.3866287037477862,-5.572232124140139,-1.7846927754443438,12.692843475259405,-0.247684039781065,-4.382077952359103
1.151262514212904,3.844411411278649,6.4669356551379655,8.02307413866006,-3.2191560177269443,-5.127245620472493,-2.4899989785337433,12.559562652291257,-0.4161189002270662,-4.2001034535083335
1.0601603976411829,4.0235897436421,6.763784367374583,7.546083300707435,-3.9779554075739765,-4.595790764955022,-3.144871929749045,12.410394212962949,-0.47170374956844685,-4.007519219477047
0.9714579111253835,4.19236393435761,7.05181880609649,6.990685173112502,-4.6501748324721754,-3.989619169689073,-3.726049828856186,12.255077518627886,-0.42508139009033713,-3.8167538914319508
0.8893765890029269,4.351124674032909,7.325602499484185,6.36084295313183,-5.226005103123103,-3.3257851975743455,-4.213081529991866,12.102346930955244,-0.29083460773825365,-3.6384756643097926
0.8164676963394416,4.500687329321479,7.57961786987926,5.662696569127619,-5.699274195763119,-2.625562988751907,-4.589914783158542,11.959392862280904,-0.08629918323051394,-3.481239781596452
0.7538360825057621,4.642096988443927,7.8084905297251765,4.904352473865999,-6.067653626997327,-1.9128329353877513,-4.8460954086621495,11.831448820527836,0.16962752962839478,-3.3513304810681954
0.7014480410639915,4.776469315023883,8.007185627161169,4.0955461662788375,-6.332455303884688,-1.212167321969194,-4.977413669606385,11.721590608666723,0.4575776566334939,-3.2527643243357103
0.6584472277066435,4.904870857800109,8.171167778149874,3.247220834512014,-6.498076157376299,-0.5468936921434111,-4.985934373813564,11.630798029334802,0.758645044894624,-3.187407100808442
0.6234275908394808,5.0282347045584475,8.296522824958235,2.3710730328394836,-6.571209788748068,0.06260343820996239,-4.879451012921009,11.558269497931636,1.055143194050563,-3.1551594549450934
0.5946389602570545,5.14730380711095,8.380044717448554,1.4791123449427923,-6.559973899385924,0.6001544010639345,-4.670485046257257,11.501919355410424,1.3311995197275237,-3.154180773125349
0.5701234989347933,5.262594003641126,8.419293743996835,0.5832692388441547,-6.473095746541843,1.0545602858719114,-4.374995310368033,11.458949550512674,1.573202741023088,-3.1811370582730856
0.5477969053181826,5.374370464088484,8.412633353329346,-0.3049314731520929,-6.319263511588391,1.4198376935789603,-4.010969805914193,11.426383582952974,1.7701136821519008,-3.231468308344866
0.5254965654356645,5.482634338479636,8.35925172986114,-1.1746299078170162,-6.106701518081842,1.6950247554297535,-3.597051487116122,11.40147719717572,1.913640235746392,-3.2996727935182326
0.501020387742171,5.587119415410576,8.259172274875583,-2.0158326424178736,-5.84297791300384,1.8836551259694678,-3.1513145826292295,11.381963893634476,1.9982748429796988,-3.379600334341024
0.47217624585547713,5.6873013397562975,8.113254063377754,-2.8195709495800543,-5.535012588161991,1.993011638085634,-2.690268169599978,11.366136739941867,2.021198196259246,-3.464740719696154
0.4368545757077218,5.782423392691757,7.923180292620623,-3.578029223880332,-5.1892272717383,2.033258349508,-2.2281269868948437,11.352799780921433,1.982064223480149,-3.548489970881398
0.39312788607225757,5.871542728275473,7.691430163301722,-4.2846519472570925,-4.811768904360544,2.0165300074456165,-1.776358879364243,11.341137641949588,1.8826930487865068,-3.6243787618000693
0.33937277207116656,5.9535991933848065,7.4212281917531735,-4.934230568090033,-4.408739802265023,1.9560394357275366,-1.343494584860548,11.330552214267389,1.7267062061685925,-3.686253270208727
0.2744039878674336,6.027505783936062,7.1164650845814155,-5.52296521146339,-3.986380429057702,1.8652492742210192,-0.9351681472544933,11.320505470510863,1.5191398448712792,-3.728406871420909
0.19760696288514373,6.092256082945912,6.7815861917932265,-6.0484920365782155,-3.5511691468221946,1.7571444158088976,-0.5543441666846463,11.31039308099227,1.2660674082136751,-3.7456688182248317
0.10905477336108356,6.147040495523404,6.421447001010535,-6.5098663209502385,-3.1098243235000282,1.6436330726966142,-0.20168086805980784,11.29945921250329,0.9742552153245458,-3.733461434296451
0.00959739059084673,6.191360471168343,6.041139576058099,-6.907494024433611,-2.669214045715146,1.535095350204139,0.12402448504237018,11.286751661516206,0.6508648702799829,-3.6878395088946636
-0.0990858312638295,6.225128661562337,5.645798426431604,-7.243009835876081,-2.2361943753449864,1.440087432064351,0.4253589422963354,11.271109597041656,0.30320742729495515,-3.605524645990156
-0.21447578790918204,6.248743245477628,5.240398083447742,-7.519106074569461,-1.81740655516598,1.365197475918439,0.7058302327082981,11.25117358809607,-0.06145297469897559,-3.483944025007046
-0.3332471550628073,6.263126348627627,4.829556833589649,-7.739322849547999,-1.4190660732377345,1.315037682611549,0.9694500540403,11.225408323281266,-0.43605325066811196,-3.3212785126777318
-0.4513443817327115,6.269719179033693,4.417361225564402,-7.907813940051851,-1.046772893692673,1.2923477283644915,1.2203859152543652,11.192131012834608,-0.8138529613047895,-3.1165199572238254
-0.5640961533333991,6.270429953594443,4.00722399514497,-8.029104785381845,-0.705364051231403,1.2981791806232257,1.4626909440221192,11.149541726302179,-1.1885335774376948,-2.869533105057573
-0.6663622758173344,6.26753431270532,3.601784553843714,-8.107857993526935,-0.3988199097475512,1.3321293716034865,1.70011058238713,11.095754560895909,-1.5542841569913004,-2.5811138292038747
-0.7527055279490942,6.263531707331197,3.2028566586113163,-8.148659152441667,-0.13022555854432727,1.3925958160136067,1.9359574446173198,11.028830372164625,-1.9058797388064899,-2.253033224145221
-0.8175801109821712,6.260964764239878,2.8114233697448814,-8.155831759389192,0.09821894612749585,1.4770277296893144,2.173041289431102,10.946812440378805,-2.238755417231443,-1.888056447918581
-0.8555279640974196,6.262211860014913,2.427675569246973,-8.133286017804746,0.2851508617691493,1.5821580378335398,2.4136397258315183,10.847766295155969,-2.5490756551677483,-1.4899263025443406
-0.8613743793787665,6.269265805652212,2.051087768793968,-8.084402725808529,0.42997316193272345,1.7042062615261642,2.6594962509386972,10.72982423946369,-2.833795331658281,-1.0633042769218315
-0.8304150296119591,6.283513437186715,1.6805239271541321,-8.011951020844972,0.5327725387972266,1.8390489126000966,2.911834624291849,10.591234253043208,-3.090706792931947,-0.613665861909737
-0.7585876467134902,6.305531775179454,1.3143664355326914,-7.918037547259098,0.5942387317477362,1.982358996549848,3.1713815989036123,10.430412156211746,-3.318466118850819,-0.147151872644731
-0.6426230262527688,6.3349160750686515,0.950662916906472,-7.80408462906395,0.6155942467282156,2.129719745192565,3.4383930291469396,10.245995311046299,-3.5165920989296033,0.32961740785441407
-0.4801715945187701,6.370153507495238,0.5872873935713512,-7.6708360322233275,0.5985405252715253,2.2767198213198947,3.712680967865689,10.036895762492748,-3.68543299884488,0.8097539816361825
-0.2699032489778701,6.408553559037929,0.2221139708879547,-7.518390543732377,0.5452236056916855,2.419038105855893,3.9936413645355575,9.802350542137905,-3.826098864289393,1.2863253601600468
-0.011579352237622076,6.44624288382981,-0.1467982275672957,-7.346265459717672,0.4582194154557607,2.5525259394176367,4.280283357406558,9.54196679721317,-3.9403604239755756,1.7525735293540414
0.2939035060283036,6.478228757404179,-0.521011057733463,-7.1534936566985925,0.34053601935340383,2.673293459686672,4.571261963014409,9.255759390266105,-4.030519141086528,2.2021146809039287
0.6444981634335697,6.498531903851922,-0.9015090756566452,-6.938758659862813,0.19562736276503992,2.777804499692666,4.864916306406722,8.9441785869567,-4.099256041853824,2.6291073935836513
1.0370204010659485,6.5003865625260255,-1.2885057841222154,-6.70057139751402,0.027410297855143678,2.862981442270303,5.159315473946625,8.608125393754856,-4.149469228532357,3.028381084322702
1.4671924160966692,6.476503135885373,-1.681267997349502,-6.437489569708506,-0.15972585030725273,2.9263175829303796,5.452313679491599,8.248952122078093,-4.184111028375459,3.3955213513194904
1.9297180430292633,6.419386319226325,-2.077976264262198,-6.148375372066049,-0.36092982898074344,2.965990229871039,5.7416157086729624,7.868445926669288,-4.206035575748026,3.7269136193423105
2.4183920126995124,6.321698668374063,-2.4756418712118635,-5.832679774529823,-0.5709323701956147,2.9809635218019372,6.024852550259813,7.4687936087928914,-4.217866215971754,4.019750483863609
2.9262454012968444,6.176655678609809,-2.8701004102897834,-5.490732387015703,-0.7841353348737189,2.9710666451792593,6.299665760653351,7.052527050779176,-4.221889730708214,4.27201066034479
3.4457282918582948,5.978433527024667,-3.2560970737725903,-5.124006767609208,-0.9947538327980971,2.937031800570822,6.563797458534486,6.622450297891696,-4.2199814677391245,4.482418552775192
3.968928349915254,5.72256517575652,-3.62746966653315,-4.7353241905655095,-1.1970121062531327,2.880477935678234,6.815181133772044,6.181551468624323,-4.213562310771096,4.650392897497012
4.487820503332414,5.40629574251924,-3.977422620930906,-4.328957098933037,-1.3853846737047144,2.8038314530349058,7.052026955126625,5.732905008722177,-4.203585557633939,4.7759913047909475
4.994538586357142,5.028865569762376,-4.298871274015263,-3.910598953388454,-1.5548640909422153,2.7101835181582827,7.2728944029549405,5.279571816370251,-4.190549499625353,4.859855239132672
5.481655356526231,4.591690910062171,-4.584823392025314,-3.4871807789383498,-1.7012278970806398,2.603093851854865,7.476745244406668,4.824505880717858,-4.174530063603768,4.903157642647428
5.942453652945334,4.098418601512647,-4.828757610050227,-3.066535073720627,-1.8212722857080077,2.4863606877227866,7.662971355105169,4.3704758404255015,-4.155227386377524,4.907553488781214
6.37116958190877,3.554842371500204,-5.024958386422495,-2.6569312940374203,-1.912980633766871,2.3637833050810904,7.831394594500834,3.920008136902364,-4.132020573347347,4.875132343609795
6.763189181224109,2.96868295656319,-5.1687747242027875,-2.2665287965206407,-1.9756018135831162,2.238945187924209,7.9822393986474065,3.4753554699169817,-4.104025940526647,4.808371575340583
7.115183232452234,2.34924946593593,-5.25678360136871,-1.902807823754058,-2.0096251725046663,2.1150417823913554,8.116082212834064,3.0384906833539382,-4.07015544488574,4.710089056479406
7.425170380967777,1.7070123934761612,-5.286855385054371,-1.5720434091941569,-2.0166537679819787,1.9947681043570855,8.233784547119056,2.611122807617729,-4.029173443198993,4.583394794785903
7.692505602348579,1.0531269508347796,-5.258133481338899,-1.2788802122106164,-1.9991918073298545,1.880270500561764,8.336417731354558,2.1947294668275723,-3.97975110867438,4.431641627587928
7.917798160579087,0.398947696060757,-5.170950769637395,-1.026050346143462,-1.9603734248657696,1.7731565533762914,8.425187222915271,1.7905986290484603,-3.92051861121517,4.258375689083515
8.102769402969992,-0.2444280567099627,-5.026709303137724,-0.8142552330679015,-1.9036660862564656,1.674549746885313,8.501362859417759,1.3998727613140662,-3.850115491374205,4.067287676076908
8.25006517825003,-0.8665584589399772,-4.827747552066973,-0.6422109475370245,-1.8325824974561165,1.58517216079457,8.566219302815263,1.0235895556015993,-3.7672395957383134,3.8621659580818517
8.363039932056303,-1.4579776697982616,-4.5772128741155,-0.5068381832378652,-1.7504305510443252,1.5054388783830936,8.620988687742196,0.6627150637494492,-3.6706946194720547,3.64685234487001
8.445529658070223,-2.0104300023676416,-4.278948393272946,-0.40356517316632823,-1.6601229754679678,1.4355507994524133,8.666825618714832,0.31816687323132165,-3.559435860122227,3.425200925915068
8.50162924064762,-2.517018252540513,-3.9373954312219053,-0.3267052904872095,-1.5640586668957335,1.375576643279906,8.70478338220163,-0.009173449294343161,-3.4326133440701296,3.2010399348124796
8.535486887559593,-2.9722738301068063,-3.557506753777784,-0.2698700827949983,-1.4640777953500947,1.3255188617366642,8.735799567423806,-0.3184581822546782,-3.289611124588171,2.9781361644192983
8.551124919295573,-3.3721607754773886,-3.144662933746754,-0.22638188252789473,-1.3614839980942512,1.2853612572887967,8.760689111539328,-0.6088802196084742,-3.1300813156240492,2.7601611453961956
8.552292723780461,-3.7140278569749485,-2.7045840103710734,-0.1896563470305751,-1.2571201902228017,1.255098179601248,8.780142944286562,-0.8796869344588298,-2.953971329580668,2.5506581474358456
8.542354499403809,-3.996523031850523,-2.2432306592852664,-0.1535330059618663,-1.1514803017946682,1.234746482672514,8.794730752890326,-1.1301990005208764,-2.76154285005798,2.353009111673157
8.524211856176029,-4.2194833459445,-1.7666923487219632,-0.11253981319339923,-1.044837661671422,1.2243423316970894,8.804906808194746,-1.3598319433647916,-2.5533812590611618,2.1704008446616587
8.500259367840178,-4.383811193517239,-1.281063492507204,-0.06208510649053988,-0.9373717002208939,1.2239257132975785,8.811018195996379,-1.5681182519726764,-2.3303945649578948,2.005790195521948
8.4723698296506,-4.4913453336827995,-0.792311692739984,0.0014233965464686901,-0.8292776473999176,1.2335162194704516,8.813315123575041,-1.7547280728638135,-2.093801305502895,1.861868429719482
8.441905142171354,-4.544732477702432,-0.30614432788052814,0.08052812736135775,-0.7208483478759349,1.2530842558931918,8.811963174627818,-1.91948681629199,-1.8451074100734846,1.741025546795314
8.409748298153529,-4.5473029041850435,0.17211919125884134,0.17673193562825332,-0.6125224548107049,1.2825220950362517,8.807057443471955,-2.0623883980729976,-1.5860725620552012,1.6453157940562648
8.376351781731323,-4.502951650330966,0.6376621878959645,0.2905592638036987,-0.5048983467000515,1.3216189985854128,8.798638393002497,-2.183603292666219,-1.3186671647897803,1.576426026870574
8.341797700667637,-4.416025417759567,1.086266067914544,0.4216574204278612,-0.39871750006494844,1.3700439078808824,8.786709083220892,-2.2834810137484074,-1.0450215463342543,1.5356488218501407
8.305865116106748,-4.291214567305359,1.5143813563030828,0.5689269094298968,-0.2948242539712292,1.4273380258491846,8.771253161271208,-2.362547058267682,-0.7673694897824219,1.5238622917981561
8.268100279928522,-4.133449323909117,1.9191714216768263,0.7306700958472689,-0.19411069739907355,1.4929181682774626,8.752252762575901,-2.4214946804533053,-0.48798851668143095,1.54151839378693
8.227885845176694,-3.9477995438311884,2.298527929692804,0.9047481691434076,-0.09745577682921366,1.566090298091349,8.729705312231859,-2.461172109851761,-0.20913954503068427,1.588641150703919
8.184505589232062,-3.739377935086952,2.6510590218377663,1.0887373394974817,-0.005666862009529594,1.646071412362359,8.703638186485417,-2.482565981879208,0.0669914283763276,1.6648356621005551
8.13720178962438,-3.5132473026280366,2.9760529198507033,1.280076433384599,0.08056973835972284,1.732017106789668,8.674120314353008,-2.4867818258437775,0.3383471171485899,1.7693081127450223
8.08522310774632,-3.2743330435606657,3.273420970235082,1.476199522957298,0.16072504858270079,1.823051777860807,8.641270054133845,-2.475022470454522,0.6030460109826814,1.9008962687401547
8.0278616382626,-3.02734258960984,3.5436250319335287,1.6746488796445087,0.2344485272770594,1.9182985258534,8.605259023086022,-2.448565208173999,0.8594209801382511,2.0581092474989484
7.964478612469429,-2.7766937192478722,3.787594453033836,1.8731653154410424,0.3015741184120172,2.016906286367581,8.566311934670304,-2.4087385025816075,1.106048226502897,2.2391747580610857
7.894519050789845,-2.5264535660059293,4.006637850527451,2.069754728389259,0.36211296730964415,2.1180724180800503,8.524702840875953,-2.356898966591685,1.341766004997658,2.4420915557769702
7.817516366968966,-2.2802897954482835,4.20235442654769,2.262731288967755,0.4162355658549437,2.221059745811903,8.480748444916967,-2.294409257671004,1.5656831404843576,2.6646846183212833
7.733088487929649,-2.0414348551599826,4.376548823044143,2.450739057325412,0.46424657262878005,2.3252077844048453,8.434799311362012,-2.222617450340137,1.7771779217506962,2.904660516699587
7.640927430206972,-1.8126635253316286,4.531152608481899,2.632754827296343,0.5065555607410858,2.429938458652062,8.387229852941996,-2.1428383475767263,1.9758884146010767,3.1596606241468033
7.540784455156439,-1.5962833103561436,4.668154528528208,2.8080756121886847,0.5436466018879333,2.534757046089859,8.338427928728754,-2.05633708470385,2.161695574169011,3.4273101401221324
7.432452921251555,-1.3941366026483446,4.789540734053265,2.9762944305904533,0.5760490377991443,2.639249298920796,8.288784772024076,-1.9643152649513254,2.3347007392718577,3.705261356536002
7.315750791555943,-1.20761308197696,4.897245396950968,3.13726796928399,0.6043111453790267,2.7430757725924098,8.238685807401197,-1.867899750284047,2.4951991615142406,3.991230102761481
7.190504478062878,-1.0376705202081926,4.993111482166397,3.2910793720105285,0.6289777680649031,2.8459643403554127,8.188502742498228,-1.7681341205407657,2.643651174188546,4.283024820761556
7.0565353562657025,-0.8848620467536923,5.078860981165616,3.4379989142884555,0.6505724293161412,2.9477017479708336,8.138587153426364,-1.665972714613191,2.7806524648104363,4.578568196318343
6.913649904925714,-0.7493679751178677,5.156073624091153,3.5784447588437978,0.6695839997792516,3.048124899022099,8.08926563789068,-1.5622770844260165,2.9069047086357434,4.875911674071501
6.76163405254211,-0.6310304613750384,5.226172955264781,3.7129454131399866,0.6864576674045894,3.147112389041969,8.040836495153586,-1.4578146291737724,3.0231875772181054,5.173243494064104
6.600251969293626,-0.5293895198463311,5.290418650152555,3.84210498151956,0.701589751732982,3.244576646278553,7.993567808839607,-1.353259134894827,3.1303328815307805,5.468891100023966
6.429249247402188,-0.44371921856508073,5.349904037914153,3.9665718522399844,0.7153257914269294,3.3404568999318274,7.9476967552532765,-1.2491929223469085,3.229201364000025,5.761318889517848
6.248360171586604,-0.3730631815638232,5.405557938870008,4.087011100048493,0.7279612952259387,3.4347130876075846,7.903429931955475,-1.1461103020838932,3.320662432785267,6.0491223155815685
6.057318595433764,-0.31626880917371425,5.458150100276364,4.204080620505539,0.7397445581759714,3.527320732212888,7.860944493442525,-1.0444220464011973,3.405576943856233,6.331019324681451
5.8558718054156005,-0.2720198733408468,5.508299690970107,4.318410836343875,0.7508809872050984,3.6182667613291137,7.820389887550822,-0.9444606097247606,3.4847829858891735,6.605840044345347
5.643796665583199,-0.2388673432473294,5.556486475334371,4.430587716347498,0.7615384368753548,3.707546204709043,7.781890002956449,-0.8464858583632747,3.559084509789447,6.872515532032777
5.420917285285135,-0.2152584455070359,5.60306441465262,4.541138808327837,0.7718531157773436,3.7951596832081056,7.74554556106151,-0.7506911039528622,3.6292425659915613,7.1300662790110145
5.187123432270814,-0.19956406657247178,5.648277529391102,4.650521993769783,0.78193567901545,3.8811115908995717,7.711436611835552,-0.6572092695693886,3.6959688641160815,7.377591040402342
4.9423889177024165,-0.1901046697917433,5.692277894063302,4.759116707194813,0.791877168609096,3.965408867873722,7.67962502086837,-0.5661190511779379,3.759921345794282,7.614256443283344
4.68678920247322,-0.18517493424483672,5.73514562602195,4.8672174141938305,0.8017545004058653,4.048060261735901,7.6501568627530325,-0.4774509682911969,3.8217014571086363,7.839287713986489
4.4205175116011555,-0.18306733524514296,5.776910673388656,4.975029196202827,0.8116352245764391,4.129075979426094,7.6230646632237065,-0.39119322547123647,3.8818528170968256,8.051960766393028
4.143898792326447,-0.18209488384238756,5.817576111163556,5.08266533732796,0.8215813099850194,4.208467636748431,7.598369458794789,-0.3072973301884224,3.940860998716041,8.251595805960843
3.8574009100222346,-0.18061322905614274,5.8571425269279604,5.190146841098519,0.8316517249502573,4.2862484205371025,7.576082667683274,-0.22568343250061026,3.9991541649041387,8.437552529133916
3.5616425433205405,-0.17704230343513072,5.895632929397778,5.297403817686077,0.8419036130627128,4.3624333876482595,7.556207789217519,-0.1462453682790737,4.057104332013433,8.609226933456036
3.257397316137884,-0.1698876588378769,5.933117457286792,5.4042786723338025,0.8523918978824063,4.437039836032322,7.538741970279469,-0.06885540071687692,4.115029063750318,8.766049698603537
2.945593790602059,-0.15776159207769525,5.969737016868436,5.5105309937879685,0.8631671991395793,4.510087696008618,7.523677495928938,0.006631334860225477,4.173193429262006,8.907486051064826
2.627311043005482,-0.13940409537490364,6.005724849513547,5.615843990555377,0.8742720090460734,4.5815999043037525,7.511003276320199,0.0803726697625703,4.231812088109667,9.033036984031602
2.303769656615506,-0.11370358084064223,6.041424941812581,5.719832258835725,0.8857351625034134,4.6516027387064645,7.50070641237894,0.15253550467705584,4.291051391852173,9.142241667548651
1.9763180938597613,-0.07971722020619987,6.077306152284512,5.822050596628245,0.8975647381753585,4.72012610678824,7.492773926843767,0.22329215181167655,4.351031416600293,9.234680854472815
1.64641455411676,-0.0366906117423187,6.113970961658657,5.922003514995111,0.9097396470474606,4.787203795562324,7.48719474507699,0.29281688742164497,4.4118278627317595,9.309981058836186
1.315604586857333,0.01592365715180559,6.152157856732753,6.019155048521195,0.9222002923356011,4.852873700201883,7.483961998974305,0.3612826827821082,4.473473777466573,9.367819265353866
0.9854949057188463,0.07844913070732723,6.1927365490950095,6.112938444913655,0.934838813142701,4.917178055646272,7.483075708357619,0.42885807918034785,4.535961072881666,9.407927913369079
0.657724035232198,0.1509710032415778,6.236695502008686,6.2027653259236715,0.9474895409958073,4.980163694627896,7.4845458663121365,0.495704171355443,4.599241826719354,9.430099893182785
0.3339306081136417,0.2333248541573809,6.285121586490951,6.288033964531551,0.9599203911207624,5.04188234780204,7.488395919122032,0.5619716640259156,4.663229366364443,9.43419329767968
0.015720305555854464,0.3250894714336281,6.3391720980770945,6.368136418364746,0.9718259671857705,5.102390985699951,7.494666589199995,0.6277979679024833,4.727799147762624,9.420135686209159
-0.29536741896843444,0.4255846194464424,6.400039810614169,6.4424643928471514,0.9828231664756469,5.161752178675383,7.503419942831899,0.6933043054773825,4.792789451795529,9.387927646804728
-0.5978915859015874,0.5338745078938887,6.468912196823057,6.51041387113264,0.9924500254039106,5.220034420921591,7.5147435566457785,0.758592802789437,4.858001930680293,9.337645481737551
-0.8905396129147767,0.6487775322399452,6.546926367345462,6.571388727586023,1.0001684369443913,5.27731232999173,7.528754591475481,0.8237435518058694,4.923202047530358,9.269442894448769
-1.1721536439145712,0.7688825879602686,6.63512163656055,6.624803719293901,1.0053712041902882,5.333666597962127,7.54560354207779,0.8888116384711306,4.988119462868366,9.183551615416166
-1.4417521163182414,0.8925719288237617,6.734391876423451,6.670087406552931,1.00739367134318,5.389183537266918,7.5654774018005595,0.9538241443542161,5.052448434307241,9.08028097393116
-1.69854557988666,1.0180501713205572,6.845439944484282,6.706685667971416,1.005529907380244,5.443954039430881,7.588601963872663,1.0187771441822726,5.115848308892425,8.960016491228673
-1.9419460354464841,1.1433786791151908,6.968736450442829,6.734066531989375,0.9990531218119789,5.498071753087097,7.615242979392179,1.0836327373030044,5.177944202619106,8.823217636943694
-2.171569374449555,1.266514231840805,7.104484955042644,6.7517270315851725,0.9872396848994397,5.551630294865979,7.6457059071786775,1.1483161674744657,5.238327977863963,8.670414947884185
-2.3872308494555368,1.3853506280217571,7.252595387033435,6.759202696593485,0.9693958266481324,5.604719338243014,7.68033402289733,1.2127131016673431,5.296559646443392,8.50220675044987
-2.5889338652538383,1.497761720765703,7.4126670428388675,6.756080129258249,0.9448858214628639,5.657419485352963,7.719504703435359,1.276667154020351,5.352169342769037,8.319255750683721
-2.776852723030184,1.6016443530269229,7.583982033741864,6.742012871056782,0.9131602503195968,5.709795916887969,7.76362376565458,1.339977754971592,5.404660026720196,8.122285755189223
-2.951310250058803,1.694959747726026,7.765509506395626,6.71674047606631,0.8737827904323586,5.7618909337393704,7.813117813928621,1.402398477236421,5.453511087537097,7.912078759935626
-3.1127514838456127,1.775772102850903,7.955920424133748,6.68011037652472,0.8264539319390085,5.813715644696137,7.868424635545108,1.4636359392029177,5.4981830259728905,7.689472592253949
-3.2617147382041716,1.8422834162333876,8.153612194520237,6.6321017815901175,0.7710300761890171,5.865241205812011,7.9299817743357215,1.5233494121614373,5.538123389478261,7.455359216181439
-3.398801452931707,1.892863883935256,8.356741991003306,6.572850514984795,0.707536638750264,5.916390162594894,7.998213508157219,1.581151260498649,5.572774121450427,7.2106837169288385
-3.524646219710687,1.9260775418941447,8.563267262517716,6.502673397358312,0.6361740621077597,5.967028565846559,8.073516552527947,1.6366083437068792,5.601580457636293,6.956443872734074
-3.6398882922087337,1.9407031167642508,8.770991664644217,6.422090541978053,0.5573160282590769,6.016959604313801,8.156244908023478,1.689244506062742,5.624001457939957,6.693690109464313
-3.7451457403476396,1.935750289744503,8.977614482404183,6.331843784748159,0.47149962934559553,6.065919502746838,8.246694359375837,1.738544274394686,5.639522198013898,6.423525524011613
-3.8409932121795243,1.9104717377550429,9.180781545918602,6.232909436450618,0.37940777395579106,6.1135763586459735,8.34508721468787,1.783957876587374,5.647667560952034,6.147105566550682
-3.9279440371790897,1.8643713923471503,9.378135661414506,6.126503646412115,0.2818446379781354,6.159532430377317,8.451557937148253,1.8249076830787314,5.648017465428401,5.865636899091501
-4.0064371566024475,1.7972093523256742,9.567364686055729,6.014078913958095,0.17970546677047294,6.203330150848799,8.56614036088595,1.8607961597416274,5.640223244920724,5.5803749080812
-4.07682911271787,1.7090038150234705,9.746245560374524,5.897310676402313,0.07394245434314435,6.244461844729183,8.688757188048454,1.8910154016662808,5.624024757729271,5.2926193505744825
-4.139391080077312,1.6000302742809207,9.912682870740271,5.778073424546504,-0.03447127536533555,6.282382804750731,8.819212427299139,1.9149582912332561,5.599267666448912,5.003707663178682
-4.19431068779261,1.4708180950089162,10.064740838511499,5.658406417618291,-0.14457741038306082,6.3165270729071885,8.957187348633147,1.9320312876937284,5.565920188102812,4.715005564080309
-4.241698170099264,1.3221444397918019,10.200668010856523,5.540469743900177,-0.2554657565855596,6.346325015965651,9.102240394043168,1.9416688062120646,5.524088494342722,4.427894730473682
-4.281596200834436,1.1550254148494825,10.318914344167721,5.426492145472479,-0.36630312766869344,6.371221617218569,9.253811302350853,1.9433490791806278,5.474029848608051,4.143757531251131
-4.313992623025704,0.9707042384224228,10.418140802261407,5.318712636026403,-0.4763561641483845,6.390694351965896,9.411229490091696,1.936611309687596,5.416162518021694,3.8639590270151873
-4.338835184369139,0.7706362252446225,10.49722201076412,5.219318433501457,-0.5850068644914994,6.404269580980324,9.573726495015428,1.9210738260510347,5.351071505153544,3.5898266999352546
-4.356047338773784,0.556470429719744,10.555242885743056,5.130382058779048,-0.6917601214724803,6.411536574509452,9.740452054582422,1.8964528294796887,5.279509218897323,3.3226286234227556
-4.36554417726202,0.33002789370991176,10.591490458288993,5.053800588340048,-0.7962430934864845,6.412158543226114,9.910493179763245,1.8625811993790773,5.202390350347764,3.0635510014213843
-4.367247609257828,0.09327659177843936,10.605442320767779,4.991239982362685,-0.8981967605571558,6.4058803641438775,10.082895413315255,1.819426691167459,5.120780438447559,2.8136761737209097
-4.361100024659437,-0.1516966586106936,10.59675320574522,4.944087149216929,-0.9974604812456884,6.392533005807007,10.256685345586744,1.7671087415185818,5.035877893950833,2.5739622736240424
-4.347075820624799,-0.40271687110566784,10.565241166668894,4.913411978516632,-1.0939507518110057,6.372034937012223,10.430893407428846,1.705913000007692,4.948989584263305,2.3452257195431234
-4.325190362917148,-0.657553525723191,10.510874664112961,4.899941015992846,-1.1876356550310896,6.344391014469569,10.604575969760903,1.636302649559225,4.861500444673576,2.12812761340393
-4.29550615471425,-0.9139543996820236,10.433761589130775,4.904043809687721,-1.2785066646850094,6.309689467876242,10.776835847397154,1.5589255752860987,4.774837947107209,1.9231649079698083
-4.258136188787069,-1.1696797293961545,10.334140903443146,4.925732275529728,-1.3665495421502474,6.268097631665659,10.946840421016732,1.4746165034130114,4.690432597077462,1.730666906529251
-4.213244644738548,-1.4225357935802436,10.21237718040447,4.964672756231306,-1.4517160289838378,6.219857021225752,11.113836743153849,1.3843933646306026,4.609675914885654,1.5507972976505304
-4.161045246511742,-1.6704070179315387,10.068957930751061,5.020209820615644,-1.5338979128547359,6.165278238654235,11.2771631685343,1.289447337886724,4.533877564174339,1.3835615399704289
-4.1017977055266925,-1.911285765416731,9.904493232652753,5.091400304320781,-1.6129048357883997,6.1047360463391245,11.43625723334037,1.19112629182986,4.464223402331968,1.2288190374852108
-4.035802735702813,-2.1432990844874262,9.71971689157702,5.177055653547395,-1.6884469377486258,6.038664793951856,11.59065969083894,1.090911645022701,4.401736234570623,1.0862992247905099
-3.963396138113371,-2.3647318285512906,9.515488158579847,5.275790319980078,-1.7601231017893735,5.967554250091863,11.740014782792226,0.9903889901428249,4.347240958078094,0.9556204489704145
-3.8849424203854177,-2.5740457199187126,9.292792951402282,5.386073778683979,-1.827415208380754,5.891945790747052,11.884066979441723,0.8912131462945669,4.301335595021184,0.8363104148770091
-3.800828348929145,-2.7698940965594705,9.052743554250398,5.506283705511736,-1.8896884372251483,5.812428840770088,12.022654549452845,0.795068592268135,4.264369451298604,0.7278269641667466
-3.7114567433189842,-2.951132238498064,8.796575910111917,5.634757952291655,-1.9461972975604986,5.729637450586402,12.15570042037636,0.7036264706800445,4.236429324478919,0.6295780812940245
-3.617240725482097,-3.116823313693143,8.525643843913558,5.769843184685178,-1.9960967453543867,5.644246909964563,12.283200856825747,0.6184995231295367,4.217334343645648,0.5409402428774663
-3.518598544967711,-3.266240105435878,8.241409837798596,5.9099383792298195,-2.038457478955144,5.55697034103006,12.405212516289406,0.541196412139046,4.206639679047069,0.46127451988820206
-3.4159490263985766,-3.3988627827049167,7.945432289010701,6.053531786164735,-2.07228431088357,5.468555259603662,12.521838441726736,0.473076906879105,4.203649030245524,0.38994016688383093
-3.3097076336167306,-3.514373052324301,7.639349483594236,6.199230421831401,-2.0965364039162937,5.379780134766738,12.633213518105366,0.41530936355593967,4.207435502894274,0.3263057484628865
-3.2002831200222985,-3.612645089761687,7.324860785947148,6.34578162527154,-2.1101481385923977,5.291451002310752,12.739489860723804,0.36883182995475594,4.216870226228859,0.26975812229370794
-3.088074734502666,-3.693733687269733,7.003705752121907,6.492086665530308,-2.1120494431347656,5.204398194072305,12.840822521652681,0.3343179618267019,4.230657850921546,0.21970978966005766
-2.9734699711767174,-3.757860086871631,6.677642008973293,6.637206790432637,-2.101184554545617,5.119473232288017,12.937355802716699,0.31214877186954554,4.247377901102475,0.17560521821402741
-2.8568428795927874,-3.80539598358188,6.348422796322538,6.780362441929252,-2.076528374442149,5.037545909777003,13.029210355033033,0.30239105375213593,4.265530832842315,0.13692672992542498
-2.7385529788465433,-3.8368461922080366,6.017775048610923,6.920926613181012,-2.037099814457967,4.9595015387477215,13.116471131769755,0.30478314484663815,4.283587569456422,0.10320043569503334
-2.618944833269815,-3.8528304689758497,5.68737880684722,7.058413482560849,-1.9819717720067762,4.8862383094604755,13.199176147420294,0.31872851932756907,4.30004123494583,0.07400250479273345
-2.4983483400632323,-3.854064966236017,5.358848617069164,7.192463531911789,-1.9102776175045884,4.818664659878406,13.27730588779366,0.3432975416451628,4.313459782630379,0.048965810521698405
-2.3770797458813635,-3.8413437736866713,5.033717406800528,7.322826349577943,-1.8212142918550431,4.757696521694236,13.350773113926737,0.3772375593853755,4.322538207600711,0.027786728757623017
-2.2554433509330405,-3.8155209623617083,4.713423154992368,7.449342246556113,-1.7140422960835977,4.70425427697815,13.419412713950763,0.41899137201076125,4.32614903002318,0.010231621921370091
-2.133733782814349,-3.777493498457676,4.399298500499389,7.571923692899482,-1.5880829969398051,4.659259230773997,13.482971183588147,0.46672397427610746,4.323389733642972,-0.0038576450118369774
-2.012238640833837,-3.728185334377784,4.092563282350739,7.69053742822334,-1.44271377194149,4.623629373664574,13.541095263081685,0.5183573361728763,4.313625834511176,-0.014559905823551792
-1.891241241637311,-3.668532916721914,3.7943198804199185,7.805187930831871,-1.2773615782365848,4.598274168446239,13.593319231601836,0.5716128416667733,4.296528237210983,-0.021873344844563616
-1.7710231561272831,-3.599472278752868,3.505551131366209,7.915902758468974,-1.0914955588720452,4.584088039628359,13.639050366372274,0.6240608643825417,4.272103512620567,-0.025717194902432246
-1.6518662311818564,-3.5219278120012314,3.227120531563381,8.022720111014417,-0.8846193069099098,4.581942166586608,13.677552121092859,0.673176810053709,4.2407157105575894,-0.025936824395621286
-1.5340538467141878,-3.4368027420743164,2.959774402736874,8.125678819521946,-0.6562634026661385,4.592674074838778,13.707924676424676,0.7164028056931135,4.203098315064778,-0.022312210578889914
-1.4178712695306623,-3.344971271031131,2.704145682030471,8.224810841750816,-0.405978832472341,4.617074380866272,13.72908267572851,0.7512140689168986,4.160354975240682,-0.014569394165131044
-1.3036051202163705,-3.247272295875177,2.4607590005991757,8.320136244031149,-0.13333189819568442,4.6558698727778225,13.739730195237959,0.7751888539131433,4.113947716973552,-0.002394101857749768
-1.1915421481227102,-3.1445045719116376,2.230036728571206,8.411660572899017,0.16209875673256155,4.709701904490887,13.73833332422844,0.7860807503360064,4.065671477401036,0.014553634389716304
-1.0819676820148498,-3.037423162407355,2.012305685710777,8.499374466460875,0.48072234142596004,4.779098854136529,13.723091171292642,0.781892005133524,4.017614004928987,0.03662527219638681
-0.9751642692783421,-2.926737000785589,1.807804243950573,8.583255319339075,0.8229326043363017,4.864441161324474,13.69190666287556,0.7609464748511178,3.9721004923309966,0.06417146994008584
-0.8714110811494322,-2.8131073905892485,1.6166895798956762,8.663270798941564,1.1891001988707737,4.9659172468938095,13.642359237169153,0.7219607269374672,3.9316226525529103,0.09753304895242552
-0.7709846579017847,-2.697147274454147,1.4390448717572033,8.739384001264682,1.5795598021340846,5.083468463850063,13.571682391625352,0.6641117768146549,3.898752494398381,0.13703618384564326
-0.6741614499458966,-2.579421117839566,1.2748862770308393,8.811560036690866,1.9945909391405676,5.216721200325399,13.476750112388928,0.5870998596401829,3.8760416535209,0.18299214867500058
-0.58122240179298,-2.4604452689720793,1.1241695741727808,8.87977384002665,2.4343913439143496,5.364904431540871,13.354077432391604,0.49120452279313814,3.8659079373717833,0.23570110127292343
-0.4924595289660837,-2.340688670306958,0.9867964030614864,8.944019003240136,2.8990415949988018,5.526751512243862,13.19984171658649,0.3773321251537599,3.8705117507411044,0.2954583862696152
-0.40818407669602796,-2.220573804375747,0.8626200935942807,9.004317429933675,3.388459730557573,5.700385953192907,13.009932658510662,0.24705250513587568,3.891626355006142,0.362560798902562
-0.3287354494300932,-2.1004777553461915,0.7514511270401004,9.060729604605546,3.9023446250777085,5.883192499135124,12.780040220845047,0.10262208565304554,3.9305075315100906,0.43730933511378534
-0.2544896907861604,-1.9807332565716715,0.6530623278137575,9.11336525466724,4.440107156548197,6.071677194403352,12.505790583438229,-0.0530100176928725,3.987770182266164,0.5200043613814236
-0.18586590886711993,-1.8616295774259017,0.5671939306926971,9.162394156956196,5.000788682553457,6.2613234357733045,12.182940159540685,-0.21621724546950252,4.063281635819452,0.61092910355293
-0.12332872939022002,-1.7434130888708297,0.49355870608464,9.208056801719517,5.582967155107258,6.446455341863825,11.807636341808333,-0.3827376788639614,4.156083707512188,0.710318112972353
-0.06738469184767581,-1.6262873518537615,0.4318473487743272,9.250674575178444,6.184652411653614,6.620125021993448,11.376750157500668,-0.5477496204931965,4.2643574487438345,0.8183091074466036
-0.018570589959128136,-1.5104126163018592,0.3817343374288085,9.290659057354322,6.803173834218097,6.774046136726542,10.888279724386978,-0.7059882899110373,4.385445303154999,0.9348793672515988
0.022567764124013207,-1.3959047223024168,0.3428844458171573,9.328519956798031,7.435065669496636,6.898601736619656,10.341813728228942,-0.8519114557836458,4.515944115653673,1.0597715356755613
0.05550686490609989,-1.2828335717142976,0.31496002525207817,9.364871121924622,8.075957762064027,6.982958468498903,9.739030956450247,-0.9799204404989479,4.651878043407379,1.1924177565607899
0.07978583878578265,-1.1712215795201073,0.29762907723104326,9.400433985649967,8.720482058393802,7.015320052844585,9.084195930427436,-1.0846388232833395,4.788952012725793,1.3318747351581628
0.09505258896685836,-1.0610427779934413,0.29057399868136197,9.436037724374057,9.362207624762659,6.983348306908791,8.38459384370993,-1.1612430844457038,4.922873747739389,1.4767843741337534
0.10111036581845126,-0.9522234546027252,0.29350072363590396,9.472615355611627,9.993618565083459,6.874767835110746,7.650833784271267,-1.2058264723851893,5.0497166548992025,1.6253738649413174
0.09795767377243178,-0.8446452552570378,0.3061478312931867,9.51119497595898,10.606149492561707,6.6781495579448675,6.8969423039708175,-1.2157597747968136,5.16627987426004,1.775504591513803
0.08581403160817005,-0.7381514907658316,0.32829507727094426,9.55288537154075,11.190291468723716,6.383838978064486,6.140174808161483,-1.1899928137639233,5.270390314144888,1.9247708880637973
0.06512562793065191,-0.6325569232730812,0.3597707679998416,9.598855337922236,11.735777114648307,5.984960565633842,5.400493543347492,-1.1292236446150974,5.361090067593196,2.0706388507917737
0.036548434787378736,-0.527660661482135,0.40045745828898155,9.650306245683097,12.231846839061456,5.478395871996886,4.699698183164012,-1.0358566171224117,5.438665679643111,2.21060460996507
0.0009111464755819434,-0.4232611397566792,0.4502956016247206,9.70843769343554,12.667589278550842,4.865608136852363,4.060243135566683,-0.913684475872976,5.504503755937985,2.342343961445067
-0.040834999233548296,-0.3191717177774772,0.5092849817795689,9.774406497559495,13.03233916832047,4.1531787310285075,3.5038250200211465,-0.7672694583911996,5.560794728533565,2.463823739450599
-0.0876694384064814,-0.215235379149755,0.5774839404750386,9.84927974800521,13.316106421317153,3.35293687898579,3.049862697545354,-0.6010622651037972,5.610141726816666,2.573350775943117
-0.13854809073423777,-0.11133735287812993,0.655006526391493,9.933983159072636,13.51000307529574,2.4816051502414602,2.7140122022233615,-0.4183742936066135,5.655150631797197,2.6695454787173922
-0.1924335172174289,-0.007415107449216515,0.7420176882469889,10.029246382102102,13.606630925016612,1.5599443966808806,2.5068571130136004,-0.2203852781359907,5.69807133071666,2.751241300597857
-0.24830488069818196,0.0965341599897164,0.8387265185371129,10.1355472496408,13.600393750966996,0.6114537524216146,2.432897026524429,-0.005402417127813003,5.740529307220596,2.8173254350719725
-0.30514692831635715,0.20044792091276448,0.9453773630112898,10.253057009466417,13.48770343161706,-0.3392489140895504,2.4899300440516288,0.2314317145314496,5.783344190515084,2.8665479532378395
-0.3619200883060122,0.3041938382071929,1.0622384024245919,10.38158847088571,13.267059455125057,-1.2681854797904295,2.6688957884291873,0.49785819661744557,5.826397487134679,2.8973349276110754
-0.41751576392625517,0.4075659454793904,1.1895871560897937,10.52054861245598,12.938994233243788,-2.153704787566296,2.9542125460818394,0.8036369809924564,5.868503377490651,2.9076456094811864
-0.4707028499947566,0.5102817612290614,1.3276923211889748,10.66889669294395,12.505892046655726,-2.9778908205880903,3.3246012293411935,1.1592098444490295,5.907259875002598,2.8949137928977215
-0.5200743763918712,0.6119817626084922,1.476791528334332,10.825108384600723,11.97170484885861,-3.72752039430315,3.7543371957532257,1.574101074583651,5.938903038912614,2.8561087255883053
-0.564007331662877,0.7122340274514253,1.6370650482167353,10.98714605223972,11.341601534283182,-4.394463874573928,4.21481443043409,2.0553143391485698,5.9582327537136095,2.787940456855546
-0.6006530900310374,0.8105481319622986,1.8086062989011757,11.152435211507122,10.621596829846979,-4.975504148215394,4.676259818717167,2.6059740456781304,5.958702637084176,2.687217103743381
-0.6279780293070626,0.9064029713636848,1.9913911761322705,11.317847517556924,9.818209787910464,-5.471631189038429,5.109415789822478,3.2244008213984303,5.932756441149059,2.55133624280049
-0.6438707265634028,0.9992922588698964,2.185249597347357,11.479691392033011,8.938199175204202,-5.88693567511716,5.487028509066617,3.903725785780784,5.872451046417414,2.378860288869708
-0.6463211015433258,1.0887883310632704,2.3898438196074654,11.633712506519105,7.988414062595804,-6.227264041970342,5.785033848575613,4.632061775122169,5.770345250815994,2.1700909228479053
-0.6336580586548933,1.1746194155072256,2.604658456817069,11.775107616321588,6.97578374558188,-6.498806540243672,5.98340922201646,5.393179846528136,5.620570502761847,1.9275296412574559
-0.604809367034871,1.2567487516814981,2.829006052206601,11.898556434642614,5.907453372174674,-6.706775305855854,6.066733717055006,6.167593788358411,5.419946936854418,1.6561024600569778
-0.5595282724924023,1.335438342779914,3.0620492546397506,11.998277114498798,4.791051917894066,-6.854302328223886,6.024550926691892,6.933931982365912,5.168972242611318,1.3630473324966885
-0.4985248618372906,1.41127883086781,3.302836496828756,12.06811126706373,3.6350587087665307,-6.941658870611177,5.851645353050998,7.670467817797098,4.872496375245741,1.0574166411190227
-0.4234533837500404,1.4851723412106295,3.5503437965172298,12.101644111038183,2.4492146123241803,-6.965875321427578,5.548321155643072,8.356680179011528,4.53990795426847,0.7492270082725798
-0.33673973478136765,1.558266752452339,3.8035125829692853,12.092364079103385,1.2449056518316854,-6.920823598027618,5.120717258222474,8.9747209639788,4.184706203831946,0.44837615944390974
-0.24127725712690207,1.6318539295422592,4.061273661860391,12.033863647951904,0.035432599110612806,-6.79780598364923,4.581118063993117,9.510677160653522,3.823419657422334,0.16351617203048785
-0.14005801134850715,1.7072551899937924,4.322550829735961,11.92007890076164,-1.1639257310610964,-6.5866630632099525,3.948141828470893,9.955531395045224,3.4739523758877304,-0.09890011697413936
-0.035824701302598516,1.7857198666287357,4.586243103164321,11.74555915578897,-2.3361393718749133,-6.277358246273477,3.2466302972314764,10.305745322491656,3.1535669678104847,-0.3352110747062703
0.06918231318261193,1.8683563205935334,4.8511900294889125,11.505750302193785,-3.4629995575077714,-5.861913479716027,2.5070462425815982,10.563411250276005,2.8768156101124065,-0.5446680767550803
0.17334293491036998,1.9561025159213883,5.11612817184167,11.197267446618012,-4.526040052386195,-5.336470983032566,1.7642282192489123,10.735935500339835,2.6537684115341884,-0.7290885469444578
0.2756422513300555,2.049730886573674,5.379647690505138,10.818126395224104,-5.507740091724332,-4.7031661377401575,1.0554597360069684,10.835238684224777,2.4888409137346943,-0.8921473818307821
0.37555689667333425,2.149874242583431,5.640156234260414,10.367901882641682,-6.392865279026211,-3.9714564207438094,0.41796492442897193,10.876494033470793,2.380394153754305,-1.0384830034551058
0.47288976845619407,2.2570574106295878,5.8958542477200515,9.847785566130732,-7.169742958513029,-3.1585951273842356,-0.11389780830651586,10.8764879515831,2.3211080987023758,-1.1728065881458496
0.5675940284294642,2.371721827611216,6.144722610779265,9.260529193118673,-7.831248443617363,-2.2890772693173105,-0.5113646497325219,10.851772964844553,2.298969018998914,-1.2991608283880967
0.6596121599442281,2.4942348155928555,6.384521228707149,8.610276304359306,-8.375311926358297,-1.3930907943281894,-0.7535255266684242,10.816864936756277,2.2986177835687633,-1.4204010800216271
0.7487415445726221,2.6248796464441404,6.612796278376052,7.902305492167272,-8.804840397336633,-0.504217925673147,-0.8288127484890504,10.78277289864733,2.3028039326007423,-1.5378990633186818
0.8345310003849277,2.7638258360586665,6.826894130423776,7.14272449219817,-9.127059978527898,0.34322079151253393,-0.7355783814445027,10.756107417168714,2.293765953898113,-1.6514258271363373
0.9162129207956646,2.9110817543032765,7.0239813377844404,6.338163150546235,-9.352392647649635,1.1167497447190238,-0.4817918636231863,10.73889753919954,2.2544605837529437,-1.7591627459932608
0.992680821329979,3.066434337319878,7.201071831840531,5.495512120306771,-9.49305465160788,1.7878943231476954,-0.08401771796404511,10.729092866037611,2.169643815796523,-1.8578093173037895
1.062527410053094,3.2293841629234965,7.35506411902561,4.6217436545511665,-9.56158955218577,2.333705392974985,0.4341067642297175,10.721593395369181,2.0268313447134703,-1.9427826746513064
1.1241594657183014,3.3990883137818404,7.482792126501312,3.723833686202286,-9.56952877226639,2.737614470540201,1.0436781851754433,10.709575518067524,1.8171400807662592,-2.0085186185450525
1.1759994592180472,3.574327080715164,7.581092889538937,2.8087841144924286,-9.526323951003915,2.989715122180083,1.712445478980927,10.685876785332376,1.5359636639539571,-2.048878622076412
1.2167684094216185,3.7535118815892363,7.64689200783673,1.883724920086563,-9.438636153426827,3.086634851974207,2.406723658212608,10.64424489799244,1.1833941597188233,-2.0576461313467305
1.2458228204075807,3.934748191328232,7.677304052503044,0.9560599745575423,-9.310015680894729,3.031167404989567,3.093231066762089,10.580315655255236,0.7642969779413185,-2.02906746548119
1.2634964333318555,4.11595798586695,7.6697404060517576,0.03361094007210452,-9.140966809626201,2.831790376571905,3.740803765274369,10.492237820680263,0.28797888025109325,-1.9583723795542762
1.2713836571776962,4.295051897656895,7.622012845161843,-0.8752883372260192,-8.929365454459825,2.502125109353436,4.321943456678889,10.380903662001664,-0.2325467038308179,-1.8422048713445556
1.2725027704019272,4.470125601413112,7.532419001390125,-1.7617882827835882,-8.671177923411992,2.0603294523374216,4.814142935761471,10.249780685616937,-0.7816179973182473,-1.6789094537390532
1.2712951876704264,4.6396429641079,7.3997968316244,-2.61663819414685,-8.361409799094771,1.5283701923266921,5.200916690850013,10.104383458407554,-1.3421650110300591,-1.4686476736504308
1.2734476149820553,4.802564928192362,7.223539649253361,-3.4304263097661765,-7.995192487967661,0.9311120279982261,5.472455804298298,9.951476333627882,-1.8969607768481573,-1.213353910460316
1.2855569676417864,4.958389904557831,7.00357026673484,-4.1939299134615435,-7.568893547808959,0.29518738690362745,5.625835734805573,9.79814680277313,-2.429724740891248,-0.9165677233676472
1.3146836427630242,5.107087177670267,6.740280760463017,-4.898538773468735,-7.0811221864304805,-0.35233377580350855,5.664735773050107,9.650915739190788,-2.925969059605982,-0.5831927465416367
1.3678509716046898,5.248925037758123,6.434451427893929,-5.536699711812093,-6.533502187662399,-0.9853893032721108,5.598677404626485,9.515039027727415,-3.373545865425988,-0.21922745720327025
1.451547408372796,5.384214831383821,6.087167146909184,-6.1023237925660725,-5.931107245723796,-1.5803460426742677,5.44184691078441,9.394103480465628,-3.762915740296485,0.16850430537902245
1.5712777025835958,5.513006660634637,5.699750703121468,-6.59110203970763,-5.2824983931647544,-2.117233943682881,5.211623588521076,9.289944048853064,-4.08719636225124,0.5726158968130401
1.731195689550383,5.6347798990841875,5.273730579583989,-7.000689899667466,-4.599362267906409,-2.580646522002505,4.9269763656503045,9.202834779973072,-4.342060094192232,0.9854208693672792
1.9338385330395307,5.748171816854858,4.81085567444098,-7.330741758728491,-3.8958090271181542,-2.9602137326549465,4.606907772311009,9.131856122798508,-4.525537245994027,1.399207016095185
2.179971758996389,5.850781532554734,4.313162312909789,-7.582800192026364,-3.187435454310505,-3.2506258359834908,4.269109934907304,9.075327114916163,-4.637761277914541,1.8065247242711997
2.4685458741387825,5.93907605841044,3.7830908298827066,-7.76006554273826,-2.490282196339107,-3.4512578403491148,3.928954876203044,9.03120875329663,-4.680675212057963,2.2004802560993446
2.796757975118973,6.008412484487865,3.223640976346,-7.867086188201743,-1.8198116280713028,-3.5654952026660918,3.59888092951501,8.997420504380726,-4.657710489334338,2.5750131354110275
3.16020524997164,6.053177436398381,2.6385483422089666,-7.909416461850496,-1.1900095352780915,-3.599883556667058,3.2881729615272235,8.97204960533059,-4.573449450158091,2.9251313634496987
3.5531120275993033,6.067033561200366,2.032458594961744,-7.893287524843651,-0.6126791141745668,-3.5632197760115374,3.0030803418326717,8.953461389273688,-4.43328608395531,3.247080230213698
3.968608646036488,6.043254020476067,1.4110731882476166,-7.825327811557672,-0.09695975539393464,-3.465677578272697,2.7471824197480204,8.940334202107433,-4.2431023067127125,3.5384285619448623
4.3990392522022495,5.975120092018701,0.7812398308368105,-7.712356126838797,0.3509268541434216,-3.3180294631935356,2.521899265549556,8.931646123653254,-4.00897648595372,3.798067275796945
4.83627663794167,5.856353687789248,0.1509638901311613,-7.5612544024761945,0.7277211672675296,-3.1309974099911333,2.3270525123941637,8.9266369516184,-3.7369372008963104,4.026125890055254
5.2720249271636055,5.6815551602740655,-0.4706766722473521,-7.378911155938484,1.032989880216532,-2.9147428618409044,2.161400643874896,8.92476214122233,-3.432769627531918,4.223821077774565
5.698094751468458,5.446616922864005,-1.0737205692344103,-7.172212592545588,1.2688433328516635,-2.6784928710041203,2.023098525557211,8.925648696233392,-3.101876103446246,4.393256035799513
6.106639978182251,5.149084554259261,-1.647612306191503,-6.948049114329406,1.439541475214839,-2.4302927465354873,1.9100555988023256,8.929057852554507,-2.7491875865372113,4.537191120735693
6.490349579493914,4.788439921620875,-2.181574164996905,-6.71330138373808,1.5510243463295623,-2.1768726160083096,1.8201881612116175,8.934856095534345,-2.379119512535111,4.6588046971008525
6.842592665518856,4.366285217656563,-2.665033098652595,-6.474774168208765,1.6104046082217454,-1.923613898092831,1.751575713117868,8.942994242077514,-1.9955639755165282,4.761460252744801
7.157518697781034,3.8864131883789663,-3.0880676554915603,-6.23905706792826,1.6254610103178817,-1.67459986670474,1.7025398357812267,8.953493492561392,-1.6019099753733637,4.848491848063022
7.430118300878491,3.354756696263449,-3.44183871831858,-6.01230773694256,1.6041713606805081,-1.4327321223665752,1.6716669557287445,8.966437058483015,-1.2010842079428665,4.923015983029497
7.656252637667775,2.7792194334967792,-3.7189723188379995,-5.799972151712641,1.5543195411069726,-1.1998924666705566,1.6577951992005633,8.98196591891728,-0.795606092758621,4.987774374685254
7.832660799472626,2.16939800083596,-3.9138716656148738,-5.606473976003319,1.4832021823085393,-0.9771284680682831,1.6599819445244608,9.000277308789183,-0.3876520784518835,5.045009286469383
7.95695493614204,1.5362127053463852,-4.022946154171483,-5.434917208341398,1.3974471351777202,-0.7648417659496848,1.677464131316626,9.021624637452378,0.02087450160228793,5.09637107242578
8.027611880685063,0.8914696703604055,-4.044754494419342,-5.286850211519954,1.3029398020366965,-0.5629611590148024,1.709619015669,9.046317653014464,0.4282707549342285,5.142856489611124
8.04396791306314,0.247380064410043,-3.9800648367676,-5.162133825236824,1.2048378485130038,-0.3710874004425677,1.7559295473594643,9.074721787354456,0.832960739948427,5.184775973572463
8.006220411311352,-0.3839362881717382,-3.831836300565795,-5.058942585080687,1.1076431986000634,-0.18860253647341588,1.8159561466158751,9.107255722019913,1.2334226937835862,5.221748301462181
7.9154366930293465,-0.9909355089906697,-3.6051242303531903,-4.973908731742276,1.0152950951378181,-0.014742710004758963,1.8893152826650603,9.14438629336464,1.6281182210452736,5.2527216015765115
7.773567094534814,-1.5630959856359494,-3.306908769923412,-4.902397697321267,0.9312505678599753,0.15136132644712863,1.9756646586246904,9.18661991517695,2.0154245727656397,5.276020344558585
7.583456468949022,-2.091301890263483,-2.9458450246711636,-4.83888494038305,0.8585280519667978,0.31066770035868607,2.0746946223399103,9.234489754899169,2.393571122185866,5.2894184538101365
7.348846417482514,-2.5681428060455587,-2.5319357173066637,-4.777390793242587,0.7997037885895772,0.4642203600876058,2.1861253637147935,9.288537984306018,2.760581224868615,5.290238884955495
7.074359739960306,-2.9881134053824963,-2.076133679901533,-4.7119245061322195,0.7568655188931528,0.6131486267700528,2.3097092896472557,9.349292560572293,3.1142208119257555,5.275479734011559
6.765459051127429,-3.3477040899226433,-1.5898911525206239,-4.636891104568318,0.731540319238505,0.7586602142058329,2.445237651806314,9.417238178920842,3.451955318181485,5.241966154208235
6.4283729387732,-3.6453816781660198,-1.084682499490017,-4.547423977398491,0.7246204532982772,0.9020218854193273,2.5925500723057193,9.492781259288861,3.770916882101029,5.186526011958977
6.069985298029863,-3.881467818004178,-0.5715341612203826,-4.439619696016361,0.7363116560375825,1.0445261389035543,2.751545235211819,9.57620904822873,4.067884155302487,5.1061854102695445
5.697686189431277,-4.057930490446075,-0.06059802276783022,-4.310666541367618,0.7661228586441061,1.187446493035882,2.9221908267412213,9.667643097727794,4.339277481328888,4.998378057218336
5.319185460036954,-4.178109631059095,0.4391989502803748,-4.15887185535175,0.8129070126212,1.3319871188339023,3.104530891980347,9.766987503806371,4.581172578426782,4.861160144334316
4.942293229235345,-4.246400790380495,0.9204043906169059,-3.9836037233509365,0.8749521144635604,1.4792341076397935,3.298689094136661,9.873872362839442,4.789336101880147,4.693420155667317
4.57467411481785,-4.2679210411746755,1.3771768507684934,-3.7851687467363866,0.9501123365294246,1.630115372875986,3.5048668138332824,9.987592963456548,4.959286475338864,4.495071112361868
4.223584688684649,-4.248179153719941,1.8053088807410826,-3.5646498508256133,1.0359632645058867,1.785374400713566,3.7233354178533675,10.107045373375966,5.086383064771475,4.267211487267644
3.8956062340971944,-4.192768986543537,2.202148508099394,-3.323726885982266,1.129963168566869,1.9455604151919088,3.954422313553625,10.23065933516212,5.165946052128595,4.012240658138997
3.5963872873446285,-4.1071013241015475,2.5664394957718497,-3.064499241405927,1.2296038057094383,2.1110347628498247,4.19849047946161,10.356329863447,5.193408167850615,3.733915595028042
3.3304126172918043,-3.996186046511243,2.8981057771374075,-2.7893248173085317,1.3325382850488514,2.281991049942291,4.455911103921905,10.481349651814366,5.164497733826712,3.4373376286967106
3.1008168915574097,-3.864473421323374,3.198006750601229,-2.5006843840852957,1.4366787227669917,2.458485132382102,4.727028834381543,10.602345374399118,5.075450245464638,3.1288616312770285
2.909261843792243,-3.715760135221104,3.4676881843245915,-2.2010752869076864,1.5402615198200684,2.640470529560877,5.012119037921697,10.715222175762499,4.923243032927014,2.815924546017286
2.755894703211064,-3.5531618532935156,3.7091492333389677,-1.8929341301038594,1.6418822370896577,2.827835057909451,5.3113364756872725,10.8151220145308,4.7058444955597505,2.5067954974787447
2.6394023488379137,-3.3791491796687976,3.9246405227658885,-1.578584825482746,1.740504785357363,3.020435196123473,5.6246549500001475,10.896402944573502,4.422466176053987,2.210255083241228
2.557169589974318,-3.1956379486818043,4.116502336272249,-1.260206385608763,1.8354509530778897,3.218125626005902,5.951797818077531,10.952647709668252,4.0738027803608245,1.9352162142645408
2.5055409455415734,-3.0041185067326523,4.287046380823987,-0.939814113435348,1.9263763994568495,3.420782319686473,6.292159788375831,10.976710961158366,3.6622424814868832,1.6903024739550256
2.480173627933567,-2.80580334283929,4.438479815287731,-0.6192482676452002,2.013238515307333,3.6283183272500716,6.644721122810099,10.9608146942175,3.1920278806668527,1.483402177555163
2.476456180296757,-2.601769637931737,4.572866432532249,-0.30016561910631895,2.0962603901153893,3.840692000137135,7.007956250816581,10.89670081172758,2.669347341355964,1.3212173992860095
2.4899541971878207,-2.393074317970281,4.692117140635725,0.015968802180807373,2.175893853822962,4.057907765360416,7.379739838203926,10.775847748011346,2.102337647293172,1.2088279657071297
2.5168342421267527,-2.180824500178631,4.798000247745522,0.32789046595123694,2.2527834244508305,4.280009776025277,7.7572545047068715,10.589754583056603,1.500982679442473,1.1492918439297712
2.554212240344521,-1.966195123844507,4.892161602975606,0.6345436025980699,2.327732122243269,4.507068848507979,8.136905582981017,10.330290976850732,0.8768995267869327,1.1433063522372418
2.6003755288195536,-1.7503961678945326,4.9761454615018454,0.9350869120805176,2.401669548599072,4.7391630895594,8.514249460068232,9.990104836068882,0.2430132955935964,1.1889592826839603
2.6548401489264255,-1.5346015114972211,5.0514089844962715,1.2288944168332534,2.47562233248279,4.9763525592384745,8.88394302415995,9.56307230527529,-0.3868659466047384,1.2816041652422672
2.718225972447347,-1.3198575685378529,5.119326275712889,1.515549673595411,2.550686934937496,5.218648214919475,9.239722411090796,9.044767551003945,-0.9985376295531042,1.4138970308495766
2.7919599556244217,-1.106990726673673,5.18118126464368,1.7948325609807898,2.628004758658659,5.46597527923554,9.574419487429672,8.432923713554104,-1.5779391864690389,1.576029823469436
2.8778473155097495,-0.8965285207506897,5.238151899946775,2.0666989830554314,2.708739439098923,5.718131089439631,9.880024205147937,7.727852438119573,-2.111665700692151,1.7561851269592652
2.9775760259467092,-0.6886424530750953,5.291290393560725,2.3312547147628053,2.7940560303944433,5.974737461129329,10.147800038356303,6.932788058600903,-2.5874405829188114,1.9412168029202954
3.092235822456983,-0.48311369843362356,5.341505263154071,2.588725069795032,2.885101525886452,6.235187680716238,10.368458097137786,6.054123764463102,-2.9945094754271104,2.117532772797575
3.221934536832205,-0.2793196183947718,5.38955057675161,2.839422121609119,2.9829857954525703,6.498588477340737,10.532393129161015,5.101510351207126,-3.3239496333123064,2.2721234268595776
3.3655804823648245,-0.0762403089274348,5.436026315273129,3.0837110596550765,3.088761640450867,6.763697760240714,10.629981359623352,4.087792721146659,-3.568909770235479,2.393647594930123
3.520871545127055,0.12751103140017706,5.481391545315265,3.321977170562445,3.2034023423047,7.0288595737429285,10.651935866165182,3.0287649283013067,-3.724813307922998,2.473463542128538
3.684494434282615,0.3336258067573457,5.525989641022417,3.554595044966802,3.3277748998921255,7.291938631543441,10.589709889635893,1.9427320186463948,-3.789563397575906,2.5064800876993982
3.8524982057980597,0.543997601040031,5.570082600704788,3.781901860500688,3.4626071944732733,7.55025793095665,10.435932311382796,0.8498779851915701,-3.7637758384059197,2.4917064665276296
4.020772676237518,0.7605778034809655,5.613889941411704,4.004176715328867,3.6084476485535264,7.800544268777973,10.184853031414217,-0.22854417638181057,-3.6510362116001933,2.432401531675797
4.185542280116973,0.985199286727949,5.65762691092195,4.221627650152594,3.7656165811639903,8.038887895627106,9.832770183879218,-1.2711614025524607,-3.458136982861895,2.335764360578558
4.343784854960241,1.2193911693681105,5.70153685251361,4.434386989848323,3.9341493972042514,8.260723901704836,9.37840738108462,-2.2575027327831303,-3.195211771433596,2.212167374867971
4.493504572768707,1.46421625873617,5.745913429693841,4.642514030658439,4.113732879329582,8.460844090981968,8.8232090509643,-3.1690042635232913,-2.8756628990730495,2.0740031888620956
4.633824717987264,1.7201626787321498,5.791109936088284,4.846002269423355,4.303637161926088,8.633448692376923,8.17152591890584,-3.989892710739559,-2.5157871438404653,1.9342847394889224
4.764910031160929,1.987111703880775,5.837534884534011,5.0447868664368185,4.502647199765047,8.772247194389792,7.430671088847233,-4.707848893339393,-2.13404739723753,1.8051890207635626
4.887766396773808,2.264388262915763,5.885635076186898,5.238747332063537,4.708998721716182,8.870616361618378,6.610837874207254,-5.3143809838018266,-1.7500064212919593,1.6967521480023304
5.003985967834215,2.5508842320759864,5.935868876271932,5.427700752468182,4.920324616562705,8.921820928390023,5.724881331833583,-5.80488491564324,-1.3830148601295618,1.6159000959840115
5.115502608784009,2.8452323054929347,5.988673016728252,5.611382122197036,5.133618444176142,8.919298254094864,4.787973623498412,-6.1784242553527955,-1.0508068936844857,1.5659388936188268
5.224399409786929,3.146002224685873,6.044425828652228,5.789410213824828,5.345222284332403,8.857002245386381,3.8171474691549863,-6.437308399225506,-0.7681861540767285,1.5465450017323872
5.3327783160613755,3.451891196485285,6.103408752590794,5.961239523103414,5.550846392152973,8.729794190906299,2.8307425839523765,-6.5865722446412605,-0.5459754845700341,1.5542112688261163
5.442675317882861,3.7618847137328886,6.1657668953151346,6.126100904233894,5.745628005103451,8.533859270482672,1.8477695498279927,-6.633455822749861,-0.39036227764903336,1.5830350176072334
5.555992851429222,4.075370847336908,6.231468772234478,6.2829353999137,5.924235918963504,8.267118349448229,0.8872073779855707,-6.586951738953705,-0.30270938426260724,1.6256944813580063
5.674425898208765,4.392198957801443,6.300265268896332,6.430327405448604,6.08102582192943,7.9295967577868485,-0.03274241771235986,-6.457442976914408,-0.27983419015717675,1.6744515302789784
5.799374071874468,4.712681569250488,6.371647979601264,6.566444641611703,6.210248556888241,7.523707008928827,-0.8954109446551262,-6.256409187553385,-0.3146967122573363,1.722038820452182
5.931849366119841,5.037544852637537,6.444807049341388,6.688993408248044,6.306309288075429,7.054402802890581,-1.686378431740545,-5.996150362770595,-0.3973889326290739,1.7623300524780394
6.072399961539921,5.367837968648396,6.518588302860766,6.795198123337754,6.364070069780443,6.529168592096068,-2.3940937923312955,-5.689471621969695,-0.5162864358728714,1.7907429566505801
6.221070763894287,5.7048138573932485,6.591448948926211,6.881814256405267,6.379181817565297,5.957822770350187,-3.0103368803495183,-5.349291648592187,-0.6592135987890593,1.8043752999830487
6.377412698190458,6.0497941366083445,6.661410987758689,6.945183147983533,6.348424981270706,5.352131873053562,-3.5304727101303794,-4.9881727462813235,-0.8144854184615626,1.8019159619366814
6.54054008897325,6.404028962185253,6.726012046163711,6.981335944473226,6.270032131062245,4.72525539172126,-3.9534678607643214,-4.617808746605228,-0.9717216882260393,1.78339916612238
6.709224274081574,6.768559892392522,6.782255016037033,6.98615172356669,6.14396139194195,4.091062272600615,-4.281667345149583,-4.248534820085279,-1.122375661326695,1.7498781136281816
6.882005569829328,7.144090747137368,6.826560521456725,6.955571773666327,5.972088243932425,3.463377269734216,-4.520359094271792,-3.8889313110804036,-1.2599699944741336,1.703086352786513
7.057305641089356,7.530868873831581,6.854729561524874,6.8858678039327605,5.7582855137903595,2.855225238888227,-4.677176812349822,-3.5455804157040736,-1.3800767893139332,1.6451366367857052
7.233526693686659,7.928577621352506,6.861927145710002,6.773956551306352,5.508367859690851,2.278142738247925,-4.761406405317083,-3.2230055120118224,-1.4801077140544399,1.578284591110413
7.409130145328874,8.336240435142333,6.8427007260317625,6.617746891693538,5.229887576707848,1.7416189726914815,-4.783265421853523,-2.923788275702615,-1.5589911532328224,1.5047642798752543
7.582693251905874,8.752137797004078,6.791049050142663,6.416498456355246,4.931782402156043,1.2527134510692841,-4.753220164755169,-2.6488286507757235,-1.6168079704773146,1.4266884281224113
7.752946231454147,9.17373996142478,6.7005569911404015,6.171163542090912,4.623891888445612,0.815877816366934,-4.681393599339144,-2.39769435765383,-1.6544412443420549,1.3459986185204
7.918794414310262,9.597660606965004,6.56460924298195,5.884677838143455,4.316375123771736,0.43298666601643093,-4.577101308502361,-2.1690022023243705,-1.6732748394203494,1.2644491540156182
8.079330214681654,10.019638535843786,6.376689918070629,5.56216161158456,4.019077165320598,0.10355943142452056,-4.448534720934666,-1.9607809678107466,-1.6749564422596404,1.183610392313682
8.233838899418378,10.434555807145387,6.130765790678734,5.210993130221049,3.740902507609073,-0.1748648761134538,-4.302592770420333,-1.7707805201519715,-1.6612260501726097,1.104881126636191
8.381800830973015,10.836500636974119,5.8217385415866385,4.840721713025283,3.489259369480945,-0.4062535497014584,-4.144847152433841,-1.5967088204006716,-1.6338018846220577,1.0295034711980549
8.522891523610621,11.21888165640077,5.445937065771444,4.462799641699756,3.2696369676719113,-0.5955683455967257,-3.979614399380236,-1.4363937159921398,-1.5943116837161093,0.9585768653204038
8.656979731214367,11.574596546954531,5.001606832235061,4.0901297841708315,3.0853681686370704,-0.7482769837891989,-3.8101014629066774,-1.2878773595609485,-1.54425687961694,0.8930699661440502
8.784122996822488,11.896252866292956,4.489342305638654,3.736447189070188,2.9376116907063303,-0.8699393814603807,-3.6385906846474314,-1.1494572461591988,-1.4849987576330452,0.8338304393489092
8.904559666233999,12.176432600589,3.9124036417069723,3.415574744243825,2.82556230145748,-0.9659026192646238,-3.466634094890581,-1.0196897486873922,-1.4177581035433766,0.7815932155833379
9.018696280607259,12.407985543288557,3.2768627554548186,3.1406112009573306,2.7468667925992376,-1.0411168649424791,-3.2952341819251783,-0.8973708419290762,-1.3436222871927663,0.7369879109970835
9.12708946823077,12.584331117979367,2.591537499746167,2.9231208316401367,2.6981922887181335,-1.1000630558640507,-3.1249966423269484,-0.7815057335586729,-1.2635558019422959,0.7005460179187578
9.230421885100114,12.699744837442372,1.8676951211293242,2.7723956674642656,2.6758674284465336,-1.1467669125220763,-2.95624848744296,-0.6712754991027371,-1.1784118490702624,0.6727082929762926
9.329472320946145,12.749605050048174,1.1185343309015412,2.6948538108075972,2.6765021821283237,-1.184866119046049,-2.7891211964232427,-0.5660053911180705,-1.0889436461729316,0.653832580951068
9.425080692394166,12.730578307714547,0.35848465465566537,2.693622870101387,2.6974931363704266,-1.217698780507232,-2.6236029365763347,-0.46513677740886705,-0.9958148399421964,0.6442021466052616
9.518109186490575,12.640727343508358,-0.397612913153072,2.7683392233864987,2.737339429721852,-1.248389112901323,-2.4595662184186287,-0.3682028587193873,-0.8996088219869509,0.6440344523000143
9.609401207709425,12.479533470958962,-1.135363023230605,2.915174405373481,2.7957274720952063,-1.2799164430576697,-2.296777980526949,-0.27480735874530704,-0.8008369741548428,0.6534902148713154
9.699739960254849,12.247834038646541,-1.8416244313068537,3.1270811760041974,2.8733835763504394,-1.3151617269669449,-2.134898447014562,-0.1846050354123513,-0.6999459769951383,0.6726824976794007
9.789808444870896,11.947684097339076,-2.505190125112596,3.394234487912337,2.9717338861173546,-1.3569294946300943,-1.9734737311878483,-0.09728285061194354,-0.5973243498507038,0.7016855410295344
9.880152387078226,11.582158497106263,-3.117277071897905,3.704627068631929,3.0924419012730473,-1.4079426184645463,-1.8119256820796685,-0.012540734909611079,-0.4933083855537931,0.7405430049329209
9.971147199059047,11.155115390835277,-3.671788852189546,4.044766649366935,3.236909462170234,-1.4708049943840156,-1.6495414202120515,0.06992900532672003,-0.3881876178786374,0.7892752898158784
10.062969585176768,10.670944164993886,-4.165342931188909,4.400413802553606,3.405825262315244,-1.5479262885906602,-1.4854647126402387,0.15046444989925245,-0.2822099288426971,0.8478856080556573
10.155573931610778,10.134320250859306,-4.597081565485919,4.7572977855693095,3.5988282706782333,-1.6414055142453763,-1.3186918586347836,0.22945954192699713,-0.17558637505876704,0.9163644963555639
10.248673213224812,9.549986395914184,-4.968306492319696,5.101754236223664,3.8143268372602903,-1.7528767844884776,-1.1480757944961146,0.30739235589128333,-0.06849578706464936,0.994692477557502
10.341723916713548,8.922575689202548,-5.281991098116672,5.421242190759854,4.049484967962302,-1.8833292434594455,-0.9723432196381663,0.3848554895549013,0.0389108207462832,1.0828406006587366
10.433914396998718,8.256486495019226,-5.5422278242276235,5.704716904064249,4.30036070011371,-2.032921374971435,-0.7901299758927722,0.46258693422216357,0.14650600483266282,1.1807686074201709
10.5241561993751,7.55581432368651,-5.753664948647628,5.942855576546424,4.562162196778628,-2.200814882326518,-0.6000391178851308,0.5414986323881905,0.254181791595101,1.2884205018452413
10.611078167221768,6.82434101408939,-5.92097762600828,6.12815179212367,4.82957669149997,-2.3850537045470235,-0.40072375342002864,0.6226987694457694,0.3618456973027542,1.40571734450251
10.693023591727247,6.065577719903571,-6.04840616640326,6.254908337717517,5.097125477258928,-2.58250944897731,-0.19099293431206524,0.7075028730395021,0.46941683728393474,1.5325471705261213
10.768051206167184,5.282855113833586,-6.139382700748848,6.319165603997543,5.359503040925477,-2.7889067744322795,0.030065768179431296,0.7974282794942066,0.5768220938306131,1.668752051576031
10.833941430124073,4.479451793953647,-6.196257616159935,6.318603856602899,5.611867894785429,-2.998932873823386,0.2629579352800424,0.894166775409823,0.683992349104193,1.8141124992644058
10.88820986086382,3.658749843155402,-6.220130471350916,6.252453217154092,5.850064327425136,-3.206426007820651,0.5076626201184677,0.9995315112329424,0.790858893211141,1.9683296470411442
10.928130497698216,2.824404550217436,-6.210786604444555,6.121436668467439,6.070766305821543,-3.4046304483560252,0.7635372666690001,1.1153767315185685,0.8973503178545714,2.13100594262779
10.95077146598588,1.9805133919863143,-6.166739534451669,5.9277600646622455,6.271545431854865,-3.5864999494315595,1.0292623275137034,1.2434924204702589,1.0033904706218555,2.3016254213513654
10.953045938549655,1.1317673840690228,-6.085379325321145,5.675150433279645,6.450873361287029,-3.7450291609604234,1.3028374570739159,1.3854801530475118,1.1088983294106103,2.479534962393343
10.931780407904265,0.2835662844097503,-5.963226652073038,5.368930591803886,6.608074411180743,-3.873591850040965,1.5816359085274019,1.5426206593422553,1.2137908059805116,2.663928202855365
10.883801325165535,-0.5579216354533686,-5.79628983251981,5.016105488722433,6.743245923032577,-3.9662657756645436,1.8625171928648343,1.7157469506383312,1.3179893668028513,2.8538339093662235
10.806039351469497,-1.385773590254379,-5.580516238697843,4.625425017088259,6.857162142823929,-4.018125889107233,2.1419909917897235,1.9051384895395431,1.4214308435408436,3.048110500533785
10.695648142263147,-2.192414840742825,-5.312319689122537,4.207381182730607,6.9511723766913,-4.025489735972453,2.416418657042463,2.1104511767613485,1.5240818876833169,3.2454480109299135
10.550131942828212,-2.969817741114084,-4.989152178329791,3.774096592184033,7.027097124488342,-3.9861014296657706,2.682233283456062,2.3306946535412036,1.6259553517795087,3.4443780800460546
10.367473723716039,-3.7097948736466275,-4.610073607426877,3.3390682153292883,7.087118696809798,-3.8992436500796934,2.9361561695371416,2.564262895868855,1.7271257510672642,3.6432916120247802
10.146253661523895,-4.404370815803356,-4.176260468469745,2.9167461881130445,7.133657927018321,-3.7657712626479327,3.175387191738614,2.809017163784498,1.8277402443547528,3.840462745724345
9.885747026336317,-5.046203126928499,-3.691388029731266,2.5219510235489255,7.169228327938327,-3.588065584509736,3.3977496175318356,3.0624133306623174,1.928021585201067,4.034076919696024
9.585991391085912,-5.62901103181168,-3.1618245128779097,2.1691605349200658,7.196264669043829,-3.36991464637491,3.6017760337747533,3.3216598408494917,2.0282603572519173,4.222260329884324
9.247815660352293,-6.14796312596401,-2.5965922575396196,1.8717245072075495,7.216933724098407,-3.1163308544368316,3.7867305263126747,3.5838891684046015,2.1287953797804335,4.403108100632693
8.872827470111272,-6.599975789481947,-2.0070789461899885,1.6410844031651957,7.232947784559134,-2.833321681490731,3.9525714708325883,3.8463252277240034,2.2299830718226943,4.574709034243477
8.463360400370917,-6.983882922378417,-1.4065169658719698,1.4860820860727624,7.245411725550043,-2.527630190031231,4.099867339090186,4.106431519300888,2.3321583054600894,4.73516574612869
8.022387284938363,-7.300454048246911,-0.809283517631981,1.4124335788352775,7.25473727683221,-2.206460208351608,4.22968299355597,4.3620290255345795,2.4355904347737023,4.882610112392056
7.553409780121503,-7.552258696480634,-0.23010015148148266,1.4224228905591525,7.260651134090676,-1.877197127574258,4.343455000593023,4.61137782137002,2.54043854095921,5.01521501557381
7.060336551853209,-7.743395978323974,0.31677800705935477,1.5148417004594923,7.262307587672556,-1.5471317196026706,4.44287165147648,4.853220943822433,2.646709533628591,5.131204185870553
6.5473626161172644,-7.8791251798024415,0.8182980449799382,1.6851694762097298,7.258495768948211,-1.2231930243537277,4.529767877252047,5.086792593971187,2.7542218498980717,5.228862405935906
6.018860607729325,-7.965443021495718,1.2632039689329002,1.9259613103329443,7.247912458078922,-0.9116978681366867,4.606038973847394,5.3117950474381255,2.862576436912101,5.30654847457495
5.479291510745989,-8.008654953053687,1.642451991376008,2.227391476218368,7.229459024029119,-0.6181279406400773,4.673571881581485,5.5283499203006805,2.9711357835778327,5.362713162247746
4.9331383333236465,-8.014982379573722,1.9494374215078072,2.577891170471958,7.202518229374877,-0.3469484187284729,4.734189893291729,5.736930009010353,3.0790111484481493,5.3959240074080235
4.384862073174312,-7.99023732740162,2.180049065557581,2.9648187051366195,7.167172842453101,-0.10148267134838593,4.789606335166529,5.938278061603143,3.185057837151811,5.404898249052641
3.8388757257440966,-7.939583502016048,2.3325836179624897,3.3751076216038203,7.124340295038757,0.11614560802365828,4.841384336337701,6.133318662325841,3.287878340358575,5.388544493870797
3.299529486147149,-7.86739042302945,2.407559701465237,3.79585015808994,7.075812106014644,0.30499816098148363,4.8909021599662745,6.323068932005812,3.3858332414233265,5.346012886945782
2.7710989346165364,-7.777177016806257,2.4074701744171114,4.214787492635077,7.024200107242865,0.465239757950331,4.939325602289946,6.508552953715095,3.4770599442251964,5.276752607022022
2.257767935823174,-7.671633489357468,2.3365046274935475,4.62069191008323,6.9728016851431525,0.598000035367972,4.987589955450578,6.690723774985302,3.559499393629696,5.180574475325236
1.7635991399246798,-7.5527055431276064,2.200264606523627,5.003637907403294,6.925402759644706,0.7051983571748356,5.0363937879744,6.870395633497497,3.6309310312470098,5.057715415869483
1.2924871529513124,-7.421722654692428,2.0054846471186507,5.355168411613226,6.886040502890801,0.7893535307112298,5.086205594724146,7.048187860096796,3.689016229311927,4.908900531953894
0.8480923684630651,-7.279551662920938,1.7597645464696148,5.66836853320488,6.8587486519161756,0.8533996190629678,5.137282722972597,7.224480874586533,3.7313503558961423,4.73539778962372
0.4337567781465117,-7.126757852865399,1.4713133901666318,5.9378628480988205,6.847307386970881,0.9005253636033745,5.189700421461746,7.399383897909294,3.7555234194332985,4.5390598560616064
0.05240641414298364,-6.9637577277741425,1.1487038465960042,6.159753551554151,6.855017536441463,0.9340488966651004,5.24338775595678,7.57271348892085,3.7591888938847338,4.322347651106906
-0.2935519947503481,-6.790950535370147,0.8006356709236754,6.331516484169026,6.884515503969046,0.9573327359753682,5.298166634754372,7.743981753658264,3.7401398258523093,4.0883307211812205
-0.6023304387704473,-6.608819202140654,0.4357093565962916,6.451870440985363,6.9376408946958135,0.9737376896459733,5.353790241361498,7.9123930288543045,3.6963906766105357,3.8406606652783513
